Yekaterinburg Russia,Mansa India,Bathinda India
Singapore Singapore
Hyderabad India
Horizonte Brazil,Caxias Brazil,Recife Brazil,Gaithersburg USA
Grenoble France,Trieste Italy
Taiyuan China
Urumqi China,Beijing China,Nanjing China
Nanjing China,Fuzhou China
Gaziantep Turkey,Samsun Turkey,Adana Turkey
Biysk Russia,Tomsk Russia
Chongqing China
Gaithersburg USA
Panzhihua China
Washington USA
Huainan China,Hefei China
Rome Italy,Lecce Italy,Frankfurt Germany
Perth Australia
Phuket Thailand,Kathu Thailand,Songkhla Thailand,Dundee UK,Bangkok Thailand
Urbana USA,Lubbock USA
Columbia USA,Dhaka Bangladesh
Boulder USA
Karlsruhe Germany,Heidelberg Germany,Eggenstein-Leopoldshafen Germany
Hefei China
Chengdu China,Mianyang China
Jerusalem Israel
Clausthal-Zellerfeld Germany,Swisttal Germany,Clausthal-Zellerfeld Germany,Swisttal Germany
Olten Switzerland,Zurich Switzerland
Olten Switzerland,Zurich Switzerland
Washington USA
Harbin China,Qingdao China
Tempe USA
Moscow Russia
Karlsruhe Germany,Heidelberg Germany
Changsha China
Tustin USA
Hoboken USA
Biysk Russia,Tomsk Russia
Perth Australia
Beijing China
Stockholm Sweden
Huntsville USA
Manchester UK
Beijing China
Bristol UK,Toronto Canada
Tampa USA
Waterloo Canada
Washington USA
Frascati Italy,Pfinztal Germany
Beijing China
Gaithersburg USA
Covina USA,Pasadena USA
Hefei China,Beijing China
Graz Austria
Jilin China,Changchun China
Miami USA
Shanghai China
Amsterdam Netherlands,Rijswijk Netherlands
Lubbock USA
Moscow Russia
Kanpur India
Xian China
Novosibirsk Russia
Jinan China
Shijiazhuang China
Sevenoaks UK
Istanbul Turkey,Ankara Turkey
Hefei China
Andover USA
Gaithersburg USA
Xuzhou China
Sevenoaks UK
Washington USA,Washington USA,Alexandria USA
Washington USA
Gaithersburg USA,Milford USA
Mianyang China
Washington USA
Beijing China,Evanston USA
Lincoln USA,Lexington USA
Moscow Russia
Littleton USA
Moscow Russia
Moscow Russia
Taiyuan China,Baiyin China
Dresden Germany,Salisbury UK
Danbury USA
Mianyang China,Nanjing China
Noida India
Washington USA,Alexandria USA
Washington USA,Koblenz Germany
Bergamo Italy,Frascati Italy
Bern Switzerland
Jerusalem Israel
Washington USA,Seattle USA
Monroe USA
Adelaide Australia,Nicosia Cyprus
Hyderabad India
Arlington USA
Valencia Spain
Washington USA
Guildford UK,Stamford UK,Wilmslow UK
Hefei China
Tianjin China,Shaoxing China,Liaocheng China
Beijing China
Lanzhou China,Beijing China,Changsha China
Jerusalem Israel
Singapore Singapore,Hefei China,Shanghai China
Brisbane Australia
Gainesville USA
Moscow Russia
Perth Australia
Rehovot Israel
Gaithersburg USA
Delhi India
Lafayette USA
Shenyang China
Warsaw Poland
Madrid Spain
Frascati Italy,Belgrade Serbia
Cairo Egypt
Hangzhou China
Marseille France
Pittsburgh USA
Shanghai China
Zhengzhou China
Delhi India
Richland USA
Taiyuan China,Jilin China
Washington USA
Changsha China,Beijing China
Bangkok Thailand,Lincoln UK
Warsaw Poland
Paris France
Tehran Iran
Beijing China
Gaithersburg USA
Rome Italy
Moscow Russia
Sunnyvale USA,Cambridge USA
Miami USA
Adelaide Australia
Leipzig Germany
Singapore Singapore
Nagpur India,Navsari India,Amravati India
Granada Spain
Lubbock USA
Biysk Russia
Lorain USA
Hangzhou China,Chengdu China
Thanjavur India
Urumqi China,Beijing China
Dundee UK,Perth UK,Perth Australia,Halstead UK,Sevenoaks UK
Orlando USA,Baltimore USA
Karsa Estonia,Helsinki Finland,Tartu Estonia
London UK,Plymouth UK,Sunbury UK
Hitachi Japan,Kokubunji Japan
Gaithersburg USA,Plano USA
Aachen Germany
Gaithersburg USA
Carrickfergus UK,Belfast UK
Jerusalem Israel
Ningbo China
Olten Switzerland
Cambridge UK,Sevenoaks UK,Edinburgh UK
Jodhpur India,Chandigarh India
Luka Croatia,Zagreb Croatia,Zadar Croatia
Washington USA
Chandigarh India
Albany USA,Washington USA
Haifa Israel
Shanghai China,Beijing China
Boulder USA
Hefei China
Washington USA
Freiburg Germany,Pfinztal Germany
Freiburg Germany
Cambridge USA,Hattiesburg USA
Beijing China
Granada Spain
Paris France
Richmond USA
Provo USA
Sydney Australia,Pasadena USA
Gaithersburg USA
Parma Italy,Parma USA
Edmonton Canada,Ottawa Canada
Washington USA,Reston USA
Charlotte USA,Hamilton USA
Kalyani India
Marburg Germany
Wilmington USA
Saint-Louis France,Mulhouse France
Gaithersburg USA
Riga Latvia,Tartu Estonia
Lexington USA
Bogota Colombia,Colombia Colombia
Alexandria USA,Wilmington USA,Lowell USA
Durham USA,Lafayette USA
Aberdeen UK
Richland USA
Temple USA,Philadelphia USA
Washington USA,Seattle USA,Tampa USA,Dayton USA
Saint-Louis France,Mulhouse France
Paris France
Kazan Russia
Washington USA,Seattle USA
Hitachi Japan
Barranquilla Colombia,Colombia Colombia,Florida Colombia,Kendall USA,Miami USA
Singapore Singapore
Foggia Italy,Siena Italy
Istanbul Turkey,Ankara Turkey
Jerusalem Israel
Dundee UK
Stillwater USA
Washington USA
Arpajon France,Paris France
Boston USA
Bern Switzerland
Xuzhou China
Nanjing China,Shijiazhuang China
Kalyani India
Rheinstetten Germany,Bern Switzerland
Lafayette USA
Bourges France
Mianyang China
Lafayette USA
Pittsburgh USA
Hefei China,Mainz Germany
Washington USA
Saga Japan
Beijing China
Montclair USA
Mathura India
Beijing China
Shijiazhuang China
Pittsburgh USA
Tehran Iran
Hyderabad India
Pasadena USA
Curitiba Brazil,Lorena Brazil
Washington USA
Hefei China
Beijing China,Shenzhen China,Changsha China
Saint-Louis France,Strasbourg France
Boston USA
Lafayette USA
Ljubljana Slovenia
Aberdeen UK,Ankara Turkey
Innsbruck Austria,Rheinbach Germany,Birmingham UK
Lafayette USA
Ljubljana Slovenia
Birmingham UK
Beaumont USA
Tomsk Russia
Munich Germany
Madrid Spain
Shenyang China,Haifa Israel
Tumba Sweden,Stockholm Sweden
Leningradskaya Russia,Bor Russia
Stillwater USA
Suzhou China,Hangzhou China
Gandhinagar India
Tuscaloosa USA
Montpellier France,Grenoble France
Kashiwa Japan,Chiba Japan,Hitachi Japan,Kokubunji Japan,Tokyo Japan
Baltimore USA
Frascati Italy,Belgrade Serbia
Rehovot Israel
Frascati Italy,Belgrade Serbia
Bradford UK
Moscow Russia,Lafayette USA
Campinas Brazil
Houston USA,Huntsville USA,Montgomery USA,Conroe USA
Albuquerque USA
Palaiseau France,Gif-sur-Yvette France,Cachan France
Leicester UK
Sydney Australia
Stillwater USA
Durham USA
Delhi India
Guwahati India
Normal USA,Meridian USA
Madrid Spain,Copenhagen Denmark,Frederiksberg Denmark
Knoxville USA,Washington USA,Gaithersburg USA
Moscow Russia,Greenville USA
Washington USA
London UK
Stillwater USA
Tumba Sweden,Stockholm Sweden
Manchester UK,Sevenoaks UK,Halstead UK
Springfield USA
Beijing China
Lishui China,Hangzhou China,Wenzhou China
Temple USA,Philadelphia USA
Beijing China
Lafayette USA
Nancy France
Taipei Taiwan
Jerusalem Israel
Manchester UK,Halstead UK,Sevenoaks UK
Dalian China,Beijing China
Canberra Australia
Pfinztal Germany
Darmstadt Germany
Freiburg Germany
Birmingham UK,Ely UK
Arpajon France,Paris France
Gaithersburg USA
Ottawa Canada
Oviedo Spain
Pittsburgh USA
Albuquerque USA
Yamanashi Japan,Kofu Japan,Shenyang China,Isawa Japan,Akishima Japan,Tokyo Japan,Musashino Japan
Salem USA
Pfinztal Germany
Baltimore USA
Qingdao China,Jinan China
Tomsk Russia,Tomsk Russia
Chicago USA,Taylor USA,Boston USA,Huntington USA
Minneapolis USA
Schrobenhausen Germany
Istanbul Turkey,Ankara Turkey
Pittsburgh USA
Richland USA
Edmonton Canada
Tumba Sweden,Umea Sweden
Sevenoaks UK
Gainesville USA
Campinas Brazil,Caxias Brazil
Yokohama Japan
Gaithersburg USA
Heidelberg Germany
Edmonton Canada,Calgary Canada
Beijing China,Xinxiang China,Lafayette USA
Beijing China
Beijing China
Lafayette USA
Berlin Germany,Moscow Russia,Providence USA,Tempe USA,Lancaster USA,Lancaster UK,London UK
Tumba Sweden
Karlsruhe Germany,Heidelberg Germany,Eggenstein-Leopoldshafen Germany
Cambridge UK
Manchester UK
Lincoln USA,Austin USA
Stockholm Sweden
Dalian China,Beijing China,Jilin China
Chongqing China,Mianyang China,Wuhan China
Glasgow UK
Xiamen China,Mianyang China,Ningbo China
Shanghai China
Taipei Taiwan,Taichung Taiwan
Jerusalem Israel
Berkeley USA
Biysk Russia
Melbourne Australia
Washington USA
Chongqing China
Jilin China,Changchun China
Novosibirsk Russia,Tomsk Russia,Biysk Russia
Sevenoaks UK,Halstead UK
Nashville USA,Changchun China,Normal USA
Paris France
Aleksandrov Russia,Bor Russia
Warsaw Poland
Urumqi China,Beijing China
Nanjing China
Beijing China
Amsterdam Netherlands,Gaithersburg USA
Lahore Pakistan
Beijing China
Carleton Canada,Ottawa Canada
Lafayette USA
Hanover Canada
Shanghai China,Beijing China
Calgary Canada,Buffalo USA,Amherst Canada
Jinan China
London UK
Denver USA,Boulder USA
Mianyang China
Carleton Canada,Ottawa Canada,Benevento Italy
Canberra Australia
Cartagena Spain,Murcia Spain
Sacramento USA,Albuquerque USA
Canberra Australia
Washington USA
Sydney Australia
Recife Brazil
Warsaw Poland
Van Turkey,Ankara Turkey
Baltimore USA
Wyoming USA,Durham USA
Jilin China,Changchun China
Beijing China,Urumqi China
Qingdao China
Liaocheng China,Chongqing China,Beijing China
Xuzhou China
Lincoln USA,Lexington USA
Boston USA,Wachtberg Germany
Cairo Egypt
Guildford UK,Sevenoaks UK
Dalhousie Canada,Halifax Canada,Fauske Norway,Bergen Norway
Leeds UK
Ankara Turkey
Wuhan China,Chengdu China
Andover USA
Carleton Canada,Ottawa Canada
Perth Australia,Perth UK,Dundee UK,Aberdeen UK
Richland USA
Melbourne Australia
Washington USA
Huntsville USA
Huntsville USA
Singapore Singapore,Cleveland USA
Washington USA
Bristol UK
Cambridge USA,Billerica USA
Chicago USA,Jackson USA
Sikar India,Gandhinagar India
Miami USA,Washington USA
Washington USA
Albuquerque USA
Albuquerque USA
Mississauga Canada
Tuscaloosa USA
Vancouver Canada
Adelaide Australia
Moscow Russia
Poway USA
Berlin Germany
Frascati Italy,Pfinztal Germany,Lausanne Switzerland,Rome Italy
Lansing USA
Guangzhou China,Beijing China
Delhi India
Lomonosov Russia,Moscow Russia
Largo USA
Bandung Indonesia,Bogor Indonesia,Depok Indonesia,Jakarta Indonesia
Zhenjiang China,Changzhou China
Chengdu China
Indianapolis USA
Gaithersburg USA
Gaithersburg USA,Cambridge USA
Jilin China,Changchun China
Berlin Germany
Stockholm Sweden
Dalian China,Beijing China
Fuzhou China,Beijing China
Warsaw Poland,Gdansk Poland,Zielonka Poland
Washington USA
Lincoln USA,Lexington USA
Heidelberg Germany
Denver USA
Hyderabad India
Hyderabad India
Baltimore USA
Miami USA
Tallinn Estonia
London UK
Boston USA
Bilbao Spain
Zilina Slovakia
Leeds UK,Faisalabad Pakistan,Lahore Pakistan,Multan Pakistan,Sargodha Pakistan,Carbonia Italy
Fuzhou China,Ningbo China,Zhenhai China,Singapore Singapore,Nanyang China
Lowell USA
Nanjing China,Mianyang China
Bangalore India
Jilin China,Changchun China
Lubbock USA
Karlsruhe Germany
Mianyang China
Chongqing China
Istanbul Turkey
Zadar Croatia,Zagreb Croatia,Zadar Croatia,Zagreb Croatia
Kahramanmaras Turkey
Beijing China
Guangzhou China,Beijing China
Wuhan China,Fukuoka Japan
Beijing China
Shanghai China
Hefei China
Xuzhou China,Taiyuan China
Jhansi India,Ranchi India
Washington USA
Suzhou China,Beijing China
Gaithersburg USA
Houston USA,Huntsville USA
Washington USA
Washington USA,Lafayette USA,Newark USA
Birmingham UK
Leiden Netherlands,Amsterdam Netherlands
Bombay India
Jerusalem Israel
Beverly USA
Indianapolis USA
Shanghai China
Austin USA
Indianapolis USA
Leipzig Germany
Wiesbaden Germany
Pfinztal Germany
Ningbo China,Dhaka Bangladesh
Washington USA
Rajpur India
Jerusalem Israel
Jerusalem Israel
Aachen Germany,Bremen Germany,Wilhelmshaven Germany
Fuzhou China,Jilin China,Changchun China
Birmingham UK
Chongqing China
Hyderabad India
Weston USA
Chongqing China,Beijing China
Gandhinagar India
Jackson USA
Austin USA
Bilaspur India,Delhi India
Tehran Iran
Ankara Turkey
Ankara Turkey
Ankara Turkey
Chengdu China,Mianyang China
Rabat Morocco
Moscow Russia
Ljubljana Slovenia
Sydney Australia
Beijing China
Leipzig Germany
Canberra Australia
Hangzhou China
Lansing USA
Jilin China,Changchun China
Shihezi China,Urumqi China
Wuhan China
Beijing China
Tempe USA
Wuppertal Germany
Rijswijk Netherlands
Durham USA
Ningbo China,Dhaka Bangladesh
Freiburg Germany
Baltimore USA
Mianyang China
Pueblo USA
Shanghai China
Freiburg Germany,Dresden Germany
Campinas Brazil
Washington USA,Reston USA
Tucson USA
Aurangabad India,Latur India
Antwerp Belgium
Delhi India
Paris France
Recife Brazil
Waltham USA
Wiesbaden Germany
Rehovot Israel
Hobart Australia
Hobart Australia,Dublin Ireland
Hobart Australia
Hobart Australia,Canberra Australia
Jerusalem Israel
Carleton Canada,Ottawa Canada
Frascati Italy
Paris France
Athens Greece,Zografos Greece
Freiburg Germany
Freiburg Germany
Freiburg Germany
Lafayette USA
London UK,Stamford UK,Dublin Ireland,Halstead UK,Sevenoaks UK
Richland USA
London UK
Tehran Iran
Richland USA,Albuquerque USA
Lafayette USA
Washington USA,Columbia USA
Leeds UK
Beijing China
Quebec Canada
Lafayette USA,Miami USA,Cincinnati USA
Loughborough UK,Aberdeen UK
Nanjing China
Graz Austria
Karlskoga Sweden,Aachen Germany,Stockholm Sweden
Madrid Spain
Washington USA
Washington USA,Alexandria USA
Freiburg Germany
Richland USA
Richland USA,Boulder USA,Washington USA,Seattle USA
Washington USA,Albuquerque USA
Washington USA
Washington USA
Richland USA,Boulder USA,Washington USA,Seattle USA
London UK
Richland USA
Gaithersburg USA
Hefei China
Zagreb Croatia
Zagreb Croatia
Hefei China
Hyderabad India,Changchun China
Frascati Italy
Alexandria USA,Alexandria Canada,Mississauga Canada
Stillwater USA
Jerusalem Israel
Huangshi China,Nanyang China,Wuhan China
Washington USA
Dundee UK,Perth UK,Perth Australia,Halstead UK,Sevenoaks UK
Albuquerque USA
Tomsk Russia
Aberdeen UK
Richland USA
Moscow Russia
Richland USA
Pasadena USA
Mikkeli Finland,Lappeenranta Finland
Tomsk Russia
Debrecen Hungary,Budapest Hungary
Lincoln USA,Lexington USA
Noida India,Delhi India
Rome Italy,Medicina Italy
Kutahya Turkey,Istanbul Turkey
Honolulu USA
Carleton Canada,Ottawa Canada,Benevento Italy
Carleton Canada,Ottawa Canada,Benevento Italy
Columbia USA
Halle Germany,Munich Germany
Delhi India
Cambridge USA
Moscow Russia
Moscow Russia
Moscow Russia
Novosibirsk Russia
Moscow Russia
Varanasi India
Washington USA,Koblenz Germany
Washington USA,Camden USA
Tumba Sweden,Vienna Austria
Frascati Italy
Huntsville USA
Colombia Colombia
Miami USA
Tomsk Russia
Warsaw Poland
Lincoln USA,Lexington USA,Davis USA
Rijswijk Netherlands
Ibaraki Japan,Mito Japan,Baltimore USA,Kagoshima Japan,Yaounde Cameroon,Kobe Japan,Tsukuba Japan,Bamenda Cameroon,Buea Cameroon
Waterloo Canada,Montreal Canada
Beijing China,Wuhan China
Campinas Brazil
Darmstadt Germany,Wiesbaden Germany
Durham USA
Boston USA
Lausanne Switzerland,Saint-Etienne France
Tustin USA,Albuquerque USA
Washington USA
Washington USA
Haifa Israel,Andover USA
Chongqing China
Indianapolis USA
Indianapolis USA
Nanchang China
Lansing USA,Lansing USA
Richland USA
Lincoln USA,Lexington USA
Gaithersburg USA
Warsaw Poland
Warsaw Poland
Pune India
Beijing China,Melbourne Australia
Delft Netherlands,Enschede Netherlands,Melbourne Australia,Eindhoven Netherlands,Wageningen Netherlands
Beijing China
Pasadena USA
Gaithersburg USA
Frederick USA,Washington USA
Moscow Russia,Almaty Kazakhstan
Washington USA
Moscow Russia
Gaithersburg USA
Sapporo Japan
Bangalore India,Manchester UK
Urbana USA,Champaign USA
Urbana USA
Urbana USA
Parma Italy,Rome Italy,Meerbusch Germany,Salerno Italy,Fisciano Italy
Gaithersburg USA,Hanau Germany
Glasgow UK,York UK
Jerusalem Israel
Reno USA
Louisville USA,Washington USA,Washington UK,Salisbury UK
Louisville USA
Austin USA
York UK,Washington USA,Washington UK,Gaithersburg USA,Salisbury UK,Louisville USA
Hefei China,Qingdao China
Stillwater USA
Albuquerque USA
Washington USA
Urbana USA,Lubbock USA
Washington USA
Paris France,Grenoble France,Cambridge USA
Edmonton Canada
Ankara Turkey
Vitrolles France
Portland USA
Thun Switzerland,Lausanne Switzerland
London UK,Tavistock UK,Guildford UK
Rijswijk Netherlands
Calgary Canada
Rome Italy,Belgrade Serbia,Kiev Ukraine,Pfinztal Germany
Bangalore India
Amsterdam Netherlands
Pasadena USA
Guwahati India
Raleigh USA,Kanpur India
Washington USA
Jinan China
Hyderabad India
Shimla India
Gaithersburg USA
Nanjing China,Jinan China
Nanjing China,Suzhou China
Hyderabad India
Shanghai China,Oxford UK
Cambridge UK,Cambridge USA,Salisbury UK,Austin USA
Nagpur India,Jaipur India,Thanesar India,Jammu India,Griffith Australia
Hyderabad India,Pune India
Madrid Spain,Copenhagen Denmark,Frederiksberg Denmark
Cambridge USA
Houston USA,Houston Canada,Edmonton Canada,Redwater Canada,Calgary Canada
Malaga Spain
Gaithersburg USA
Paris France
Gaithersburg USA,Boulder USA
Washington USA,Alexandria USA
Fuzhou China,Kyoto Japan,Beijing China
Lafayette USA
Lincoln USA,Lexington USA
Orlando USA
Lowell USA
Cairo Egypt
Cairo Egypt
Sevenoaks UK
Paris France
Hefei China
Hefei China
Hefei China
Aversa Italy,Naples Italy
Shanghai China
Houston USA
Xiamen China
Stockholm Sweden,Zaragoza Spain,Tumba Sweden
Lawrence USA,Livermore USA
Dalian China,Beijing China
Phuket Thailand,Kathu Thailand,Songkhla Thailand,Bangkok Thailand
Birmingham UK
Beijing China
Gaithersburg USA
Chongqing China
Rome Italy,Lecce Italy
Washington USA,Seattle USA
Grenoble France,Montpellier France
Wiesbaden Germany
Miami USA
Miami USA
Lincoln USA,Lexington USA,Rochester USA
Gaithersburg USA
Carleton Canada,Ottawa Canada
Changchun China,Jilin China,Beijing China
Lubbock USA
London UK,Stamford UK,Hobart Australia
Denton USA
Baltimore USA,Troy USA,Escondido USA
Corvallis USA,Stillwater USA,Baltimore USA
Columbia USA,Washington USA,Chongqing China
Swindon UK
Lexington USA
Tokyo Japan
Washington USA
Gaithersburg USA
Richland USA
Amsterdam Netherlands,Rijswijk Netherlands,Delft Netherlands
Gaithersburg USA,Springfield USA
Warsaw Poland,Police Poland
Washington USA,Koblenz Germany
London UK
Singapore Singapore
Delhi India
Gainesville USA
Chongqing China,Evanston USA
Cambridge UK,Edinburgh UK,Halstead UK,Sevenoaks UK
York UK
Kanpur India
Benghazi Libya
Stockholm Sweden,Tumba Sweden
Delhi India,Bhubaneswar India
Calgary Canada,Edmonton Canada
Washington USA,Seattle USA
Caparica Portugal
Beijing China
Urumqi China
Beijing China
Suzhou China
Plano USA
Tumba Sweden
Tokyo Japan
Jerusalem Israel
Singapore Singapore
London UK,Tavistock UK,Swindon UK
Wilmington USA,Lowell USA
Guiyang China
Murfreesboro USA
Moscow Russia
Zadar Croatia,Zagreb Croatia
Cary USA,Dallas USA,Zhengzhou China
Washington USA
Halstead UK,Sevenoaks UK,Kent USA
Shijiazhuang China,Jiangyin China
Shenyang China,Beijing China
Beijing China
Boston USA
Washington USA,Miami USA,Baltimore USA,Perth Australia
Andover USA
Gaithersburg USA,Lawrence USA
Nanjing China
Cairo Egypt,Malaga Spain
Madrid Spain,London UK,Stamford UK,Cork Ireland
Chimoio Mozambique
Moscow Russia
Hyderabad India
Springfield USA
Clausthal-Zellerfeld Germany,Swisttal Germany
Guangzhou China,Dongguan China,Islamabad Pakistan
Halstead UK,Sevenoaks UK
Sevenoaks UK,Halstead UK
Sevenoaks UK
Sevenoaks UK
Halstead UK,Sevenoaks UK
Ottawa Canada
Gaithersburg USA
Gaithersburg USA
Cincinnati USA
Avadi India,Chennai India
Lincoln USA,Lexington USA
Rome Italy
Barranquilla Colombia,Colombia Colombia
Freiburg Germany,Freising Germany
Washington USA
Columbia USA
Quebec Canada
Dijon France
Hangzhou China
Genoa Italy,Frascati Italy
Cairo Egypt
Hyderabad India
Mianyang China,Chengdu China
Lexington USA
Madison USA
Fuzhou China
Istanbul Turkey
Vancouver Canada
Washington USA
Istanbul Turkey
Chengdu China
Rostock Germany,Wiesbaden Germany
Salem USA
Beijing China,Suzhou China
Campinas Brazil
Xuzhou China
Beijing China,Shenzhen China
Lincoln USA,Lexington USA
Hitachi Japan,Tokyo Japan
Washington USA
Tumba Sweden
Hitachi Japan,Tokyo Japan
Nanjing China,Beijing China
London UK
Urumqi China,Beijing China
Freiburg Germany,Dresden Germany,Pfinztal Germany,Freising Germany
Gaithersburg USA
Beijing China
Verona Italy
Dalian China
Bryan USA,Largo USA
Bryan USA,Largo USA
Nanjing China
Perth Australia
Chandigarh India,Mohali India,Patiala India,Faizabad India
Largo USA
Malaga Spain
Washington USA,Seattle USA,Tampa USA
Heidelberg Germany
Moscow Russia
Olten Switzerland
Wroclaw Poland
Karlsruhe Germany,Heidelberg Germany,Eggenstein-Leopoldshafen Germany
Washington USA,Albuquerque USA
Pittsburgh USA
Meridian USA,Titusville USA
Tomsk Russia,Novosibirsk Russia
Washington USA,Seattle USA
Pfinztal Germany,Radeberg Germany,Oberursel Germany
Shenyang China
Grenoble France,Arpajon France
Hefei China
London UK,Stamford UK,Breda Netherlands
Geesthacht Germany,Saskatoon Canada,Edmonton Canada
Hyderabad India
Washington USA,Seattle USA
Huainan China,Hefei China
Jerusalem Israel
Pittsburgh USA
Gaithersburg USA
Chengdu China,Mianyang China
Delhi India
Bremerhaven Germany,Kiel Germany,Bristol UK
Boston USA
Albuquerque USA
Washington USA,Seattle USA
Bombay India
Hefei China
Kingston Canada
Boston USA
Singapore Singapore
London UK,Tavistock UK
Carrickfergus UK,Antrim UK,Belfast UK
Hyderabad India
Mainz Germany
Warsaw Poland
Dijon France
Houston USA
Mohali India
Rockville USA
Paris France
Saskatoon Canada,Yekaterinburg Russia,London Canada,London UK,Sendai Japan,Kingston Canada
Istanbul Turkey
Bangalore India
Shanghai China
Reno USA
Changsha China
Calgary Canada
Istanbul Turkey,Ankara Turkey
Urumqi China,Beijing China
Ljubljana Slovenia
Cambridge USA
Largo USA,Bryan USA
Ljubljana Slovenia
Gandhinagar India,Newark USA
Ulm Germany
Indianapolis USA
Langen Germany
Shenyang China
Glasgow UK,York UK
Baltimore USA
Durham USA
Baltimore USA,Baltimore USA
Washington USA
Nanjing China,Harbin China
Tallinn Estonia,Madrid Spain
Hefei China
Beijing China,Yucheng China
Modesto USA,Miami USA
Ningbo China,Dhaka Bangladesh
Beijing China
Chengdu China
Hangzhou China
Tokyo Japan
Lansing USA
Savannah USA,Columbia USA
Wuhan China,Beijing China
Cairo Egypt
Loughborough UK
Stockholm Sweden
Cambridge UK
Richland USA
Moscow Russia
Istanbul Turkey
Freiburg Germany
Canberra Australia
Wiesbaden Germany
Wiesbaden Germany
Madrid Spain
Huangpu China,Guangzhou China,Beijing China
Tumba Sweden,Stockholm Sweden
Tumba Sweden
Tomsk Russia
Aachen Germany
Washington USA,Alexandria USA
Washington USA,Alexandria USA
Washington USA
Frascati Italy
Freiburg Germany,Pfinztal Germany
Glasgow UK
Glasgow UK
Tumba Sweden,Stockholm Sweden
Pfinztal Germany,Frascati Italy
Gaithersburg USA
Lincoln USA,Lexington USA
Edmonton Canada
Fremont USA
Jerusalem Israel
Freiburg Germany,Pfinztal Germany
Tumba Sweden
Hyderabad India
Lansing USA
Richland USA
Nanyang China,Singapore Singapore,Shanghai China
Knoxville USA
Freiburg Germany
Richland USA,Seattle USA,Washington USA
Covina USA
Orange USA
Hefei China
Pune India
Springfield USA
Beijing China
Beijing China
Tallinn Estonia,Madrid Spain
Nanjing China,Beijing China
Beijing China
Jinan China
Chongqing China
Beijing China
Barranquilla Colombia,Colombia Colombia
Frascati Italy
Ljubljana Slovenia
Aberdeen UK
Leuven Belgium
London UK,Stamford UK,Tavistock UK,Halstead UK
Bangkok Thailand
Singapore Singapore,Singapore Singapore
Jilin China,Changchun China
Beijing China
Islamabad Pakistan,Lahore Pakistan
Geel Belgium
Nanjing China,Siping China,Shanghai China,Suzhou China
Beijing China
Wuhan China
Hefei China
Moscow Russia
Moscow Russia
Lafayette USA
Mianyang China,Nanjing China
Valladolid Spain
Andover USA
London UK,Stamford UK,Halstead UK
Beijing China
Knoxville USA,Washington USA
Aberdeen UK,Skipton UK
Chongqing China
Halstead UK,Sevenoaks UK,Kent USA
Urumqi China
Jerusalem Israel
Odense Denmark,Edmonton Canada
Warsaw Poland,Police Poland
Sydney Australia,Sydney Canada,Curitiba Brazil
Rockville USA
Washington USA
Tumba Sweden,Stockholm Sweden
Bristol UK,Toronto Canada,York UK
Novosibirsk Russia,Tomsk Russia
Normal USA
Brookline USA
Perth Australia
Marseille France,Ottawa Canada,Sussex Canada
Zigong China
Gaithersburg USA,Bethesda USA
Gaithersburg USA
Pinawa Canada
Guiyang China
Arlington USA,Quincy USA,Newark USA
Gainesville USA
Uppsala Sweden
Reno USA
Reno USA
Parma Italy,Parma USA,Frascati Italy,Naples Italy
Milwaukee USA
Moscow Russia
Riga Latvia
London UK,Tavistock UK,Swindon UK
London UK
Perth Australia,Perth UK,Bentley UK,Dundee UK
Albuquerque USA,Missoula USA
Rockville USA
Glasgow UK
Miami USA
Beijing China
Gaithersburg USA
Manchester UK,Oxford UK,Halstead UK,Sevenoaks UK
Tomsk Russia
Singapore Singapore
Tehran Iran
Boston USA,Huntington USA,Jerusalem Israel
Cartagena Colombia,Colombia Colombia,Barranquilla Colombia
Hattiesburg USA,Nantong China
Wuhan China
Washington USA,Alexandria USA
Tokyo Japan
Denton USA
London UK
London UK
London UK
London UK
London UK
Rehovot Israel
Wiesbaden Germany
London UK
Honolulu USA
Rehovot Israel
Rijswijk Netherlands
Wiesbaden Germany
Berlin Germany
Jinan China
Delhi India
Frascati Italy,Belgrade Serbia,Rome Italy
Tokyo Japan,Yokohama Japan
Frascati Italy,Lund Sweden,Lausanne Switzerland
Warren USA,Manchester USA
Goslar Germany
Washington USA
Stillwater USA
Pfinztal Germany
Lafayette USA
Bangkok Thailand
Knoxville USA,Dijon France
Richland USA,Lawrence USA,Livermore USA
Washington USA,Seattle USA,Tampa USA
Edmonton Canada
Lubbock USA
Ottawa Canada
Washington USA
Washington USA,Seattle USA,Lafayette USA,Austin USA
Washington USA,Alexandria USA
Pasadena USA
Hyderabad India
Budapest Hungary
London UK,Stamford UK,Dublin Ireland,Halstead UK,Sevenoaks UK
Washington USA,Alexandria USA
Delhi India
Moscow Russia,Lomonosov Russia,Novosibirsk Russia
Cincinnati USA,Moscow Russia,Kazan Russia,Novosibirsk Russia
Paris France
Rouyn-Noranda Canada
Wuppertal Germany
Orlando USA
Karlsruhe Germany
Knoxville USA
Delhi India
Lowell USA
Rupnagar India,Kanpur India
Patna India,Bihar India
Saint-Louis France,Strasbourg France
Shijiazhuang China
Huainan China,Hefei China
Thiruvananthapuram India
Pittsburgh USA
Dalian China
Chandigarh India,Rupnagar India
Grenoble France,Montpellier France
Edmonton Canada
Caen France
Hefei China
Delhi India
Delhi India
Delhi India
Hangzhou China
Pittsburgh USA
Stillwater USA
Hyderabad India
Orlando USA
Tehran Iran
Jerusalem Israel
Arpajon France
Lincoln USA,Lexington USA,Providence USA
Montreal Canada
Hangzhou China
Washington USA,Alexandria USA
Paris France
Pocatello USA
Amsterdam Netherlands
Plano USA
Warsaw Poland
Bradford UK,Wilmington USA
Rockville USA
Pune India
Jerusalem Israel
Gaithersburg USA
Richardson USA
Freiburg Germany,Dresden Germany,Pfinztal Germany
Guntur India
Sevenoaks UK
Hyderabad India
