Label,Lngx,Laty,Continent,ID
Munich Germany,11.58,48.14,Europe,Munich Germany
Palermo Italy,13.36,38.12,Europe,Palermo Italy
Moscow Russia,37.62,55.75,Europe,Moscow Russia
Bratislava Slovakia,17.13,48.16,Europe,Bratislava Slovakia
Taichung Taiwan,120.68,24.15,Asia,Taichung Taiwan
Chemnitz Germany,12.92,50.83,Europe,Chemnitz Germany
Buxton UK,-1.92,53.26,Europe,Buxton UK
Mulhouse France,7.34,47.76,Europe,Mulhouse France
Paderborn Germany,8.74,51.72,Europe,Paderborn Germany
Ljubljana Slovenia,14.51,46.06,Europe,Ljubljana Slovenia
Hsinchu Taiwan,120.98,24.82,Asia,Hsinchu Taiwan
Ottawa Canada,-75.71,45.42,Americas,Ottawa Canada
Youngstown USA,-80.65,41.1,Americas,Youngstown USA
Weil Germany,7.6,47.59,Europe,Weil Germany
Sarov Russia,43.83,55.38,Europe,Sarov Russia
Winsford UK,-2.55,53.19,Europe,Winsford UK
Cassino Italy,13.82,41.5,Europe,Cassino Italy
Tehran Iran,51.43,35.67,Asia,Tehran Iran
Pittsburgh USA,-79.98,40.44,Americas,Pittsburgh USA
Washington USA,-77.02,38.91,Americas,Washington USA
Warsaw Poland,21.02,52.26,Europe,Warsaw Poland
Chernogolovka Russia,38.37,56,Europe,Chernogolovka Russia
Portland USA,-122.66,45.54,Americas,Portland USA
Ankara Turkey,32.85,39.93,Asia,Ankara Turkey
Uppsala Sweden,17.64,59.86,Europe,Uppsala Sweden
Aberdeen UK,-2.1,57.15,Europe,Aberdeen UK
Cambridge UK,0.13,52.21,Europe,Cambridge UK
Hanover Germany,9.73,52.4,Europe,Hanover Germany
Sendai Japan,140.89,38.26,Asia,Sendai Japan
Penza Russia,45,53.2,Europe,Penza Russia
Albuquerque USA,-106.62,35.12,Americas,Albuquerque USA
Cairo Egypt,31.25,30.06,Africa,Cairo Egypt
Leuven Belgium,4.7,50.88,Europe,Leuven Belgium
Buffalo USA,-78.86,42.89,Americas,Buffalo USA
Pfinztal Germany,8.55,48.98,Europe,Pfinztal Germany
Istanbul Turkey,29,41.1,Asia,Istanbul Turkey
Beavercreek USA,-84.06,39.73,Americas,Beavercreek USA
Marburg Germany,8.77,50.8,Europe,Marburg Germany
Dallas USA,-96.77,32.79,Americas,Dallas USA
Gent Belgium,3.72,51.05,Europe,Gent Belgium
Cleveland USA,-81.68,41.48,Americas,Cleveland USA
Sydney Australia,151.21,-33.87,Oceania,Sydney Australia
Glasgow UK,-4.27,55.87,Europe,Glasgow UK
Newcastle Australia,151.75,-32.92,Oceania,Newcastle Australia
Durham USA,-78.91,35.98,Americas,Durham USA
Budapest Hungary,19.08,47.51,Europe,Budapest Hungary
Leeds UK,-1.55,53.81,Europe,Leeds UK
Cagliari Italy,9.1,39.22,Europe,Cagliari Italy
Minneapolis USA,-93.27,44.96,Americas,Minneapolis USA
Boulder USA,-105.25,40.03,Americas,Boulder USA
Enschede Netherlands,6.89,52.22,Europe,Enschede Netherlands
Rome Italy,12.5,41.89,Europe,Rome Italy
Marseille France,5.37,43.31,Europe,Marseille France
Singapore Singapore,103.85,1.3,Asia,Singapore Singapore
Trento Italy,11.12,46.08,Europe,Trento Italy
Urbana USA,-88.21,40.11,Americas,Urbana USA
Delft Netherlands,4.36,52.01,Europe,Delft Netherlands
Saratov Russia,46.03,51.57,Europe,Saratov Russia
Louisville USA,-85.74,38.22,Americas,Louisville USA
Belfast UK,-5.93,54.6,Europe,Belfast UK
Karlsruhe Germany,8.4,49,Europe,Karlsruhe Germany
Kerman Iran,57.08,30.3,Asia,Kerman Iran
Reading UK,-0.98,51.45,Europe,Reading UK
Evry France,2.44,48.64,Europe,Evry France
Tuscaloosa USA,-87.54,33.24,Americas,Tuscaloosa USA
Auburn USA,-122.21,47.3,Americas,Auburn USA
Zagreb Croatia,15.97,45.8,Europe,Zagreb Croatia
Fremont USA,-122,37.53,Americas,Fremont USA
Manchester UK,-2.25,53.48,Europe,Manchester UK
Bradford UK,-1.75,53.8,Europe,Bradford UK
Chicago USA,-87.68,41.84,Americas,Chicago USA
Iasi Romania,27.57,47.17,Europe,Iasi Romania
Larache Morocco,-6.16,35.2,Africa,Larache Morocco
Thessaloniki Greece,22.94,40.64,Europe,Thessaloniki Greece
Bandung Indonesia,107.6,-6.91,Asia,Bandung Indonesia
Haifa Israel,34.99,32.82,Asia,Haifa Israel
Melbourne Australia,144.96,-37.81,Oceania,Melbourne Australia
Milwaukee USA,-87.97,43.06,Americas,Milwaukee USA
Atlanta USA,-84.42,33.76,Americas,Atlanta USA
Saint-Louis France,7.55,47.6,Europe,Saint-Louis France
Oslo Norway,10.75,59.91,Europe,Oslo Norway
Madison USA,-89.39,43.08,Americas,Madison USA
Kakuda Japan,140.78,37.97,Asia,Kakuda Japan
Athens Greece,23.73,37.98,Europe,Athens Greece
Stuttgart Germany,9.19,48.79,Europe,Stuttgart Germany
Livermore USA,-121.76,37.69,Americas,Livermore USA
Zurich Switzerland,8.54,47.38,Europe,Zurich Switzerland
Liverpool UK,-2.99,53.42,Europe,Liverpool UK
Graz Austria,15.42,47.08,Europe,Graz Austria
Tomsk Russia,84.97,56.5,Europe,Tomsk Russia
Keelung Taiwan,121.73,25.13,Asia,Keelung Taiwan
Bangkok Thailand,100.5,13.73,Asia,Bangkok Thailand
Bedford Canada,-72.98,45.12,Americas,Bedford Canada
Yokohama Japan,139.62,35.47,Asia,Yokohama Japan
Gaithersburg USA,-77.22,39.14,Americas,Gaithersburg USA
Lubbock USA,-101.88,33.58,Americas,Lubbock USA
Quebec Canada,-71.23,46.82,Americas,Quebec Canada
Suez Egypt,32.54,29.98,Africa,Suez Egypt
Kemerovo Russia,86.08,55.33,Europe,Kemerovo Russia
Toyohashi Japan,137.39,34.76,Asia,Toyohashi Japan
Richardson USA,-96.71,32.97,Americas,Richardson USA
Palaiseau France,2.25,48.73,Europe,Palaiseau France
Zahedan Iran,60.83,29.5,Asia,Zahedan Iran
Knoxville USA,-83.95,35.97,Americas,Knoxville USA
Gebze Turkey,29.44,40.81,Asia,Gebze Turkey
Venice Italy,12.33,45.43,Europe,Venice Italy
Islamabad Pakistan,73.06,33.72,Asia,Islamabad Pakistan
Springfield USA,-89.64,39.78,Americas,Springfield USA
Huntsville USA,-86.63,34.71,Americas,Huntsville USA
Shiraz Iran,52.57,29.63,Asia,Shiraz Iran
Lafayette USA,-92.03,30.22,Americas,Lafayette USA
Edmonton Canada,-113.54,53.57,Americas,Edmonton Canada
Najafabad Iran,51.35,32.67,Asia,Najafabad Iran
Rabat Morocco,-6.84,34.02,Africa,Rabat Morocco
Kingston Canada,-76.5,44.23,Americas,Kingston Canada
Montreal Canada,-73.57,45.52,Americas,Montreal Canada
Bourges France,2.39,47.08,Europe,Bourges France
Austin USA,-97.75,30.31,Americas,Austin USA
Bilbao Spain,-2.93,43.25,Europe,Bilbao Spain
Ulm Germany,9.97,48.4,Europe,Ulm Germany
Troy USA,-73.68,42.73,Americas,Troy USA
Vandoeuvre-les-Nancy France,6.17,48.65,Europe,Vandoeuvre-les-Nancy France
Tokyo Japan,139.77,35.67,Asia,Tokyo Japan
Logan USA,-111.84,41.74,Americas,Logan USA
Columbia USA,-80.89,34.04,Americas,Columbia USA
Hammond USA,-87.49,41.62,Americas,Hammond USA
Ibadan Nigeria,3.93,7.38,Africa,Ibadan Nigeria
Baltimore USA,-76.61,39.3,Americas,Baltimore USA
Houston USA,-95.39,29.77,Americas,Houston USA
Adelaide Australia,138.6,-34.93,Oceania,Adelaide Australia
Leatherhead UK,-0.34,51.3,Europe,Leatherhead UK
Heidelberg Germany,8.69,49.42,Europe,Heidelberg Germany
Minsk Belarus,27.55,53.91,Europe,Minsk Belarus
Bangor UK,-4.12,53.27,Europe,Bangor UK
Eindhoven Netherlands,5.47,51.44,Europe,Eindhoven Netherlands
Bethlehem USA,-75.37,40.63,Americas,Bethlehem USA
Manhattan USA,-96.59,39.19,Americas,Manhattan USA
Detroit USA,-83.1,42.38,Americas,Detroit USA
Evanston USA,-87.69,42.05,Americas,Evanston USA
Kitakyushu Japan,130.86,33.88,Asia,Kitakyushu Japan
Boston USA,-71.02,42.34,Americas,Boston USA
Stockholm Sweden,18.07,59.33,Europe,Stockholm Sweden
Katowice Poland,19.02,50.26,Europe,Katowice Poland
Maribor Slovenia,15.64,46.55,Europe,Maribor Slovenia
Somerville USA,-71.1,42.39,Americas,Somerville USA
Bedford UK,-0.49,52.15,Europe,Bedford UK
Calgary Canada,-114.06,51.05,Americas,Calgary Canada
Leicester UK,-1.13,52.64,Europe,Leicester UK
Tustin USA,-117.81,33.73,Americas,Tustin USA
Vienna Austria,16.37,48.22,Europe,Vienna Austria
Hoboken USA,-74.03,40.74,Americas,Hoboken USA
Columbus USA,-84.87,32.51,Americas,Columbus USA
Yavne Israel,34.74,31.87,Asia,Yavne Israel
Tambov Russia,41.43,52.73,Europe,Tambov Russia
Freiburg Germany,7.85,47.99,Europe,Freiburg Germany
Ishikawa Japan,140.45,37.14,Asia,Ishikawa Japan
Sheffield UK,-1.48,53.39,Europe,Sheffield UK
Perth Australia,115.84,-31.96,Oceania,Perth Australia
Ferrara Italy,11.61,44.84,Europe,Ferrara Italy
Jena Germany,11.58,50.93,Europe,Jena Germany
Lowell USA,-71.32,42.64,Americas,Lowell USA
Belgrade Serbia,20.5,44.83,Europe,Belgrade Serbia
Oxford UK,-1.26,51.76,Europe,Oxford UK
Lisbon Portugal,-9.14,38.72,Europe,Lisbon Portugal
Rueil-Malmaison France,2.17,48.89,Europe,Rueil-Malmaison France
Dhaka Bangladesh,90.39,23.7,Asia,Dhaka Bangladesh
Grenoble France,5.72,45.19,Europe,Grenoble France
Albany USA,-123.09,44.62,Americas,Albany USA
Kaohsiung Taiwan,120.27,22.63,Asia,Kaohsiung Taiwan
Southampton UK,-1.41,50.91,Europe,Southampton UK
Sunnyvale USA,-122.03,37.39,Americas,Sunnyvale USA
Chatillon France,2.29,48.81,Europe,Chatillon France
Khorramabad Iran,48.35,33.48,Asia,Khorramabad Iran
Santander Spain,-3.8,43.47,Europe,Santander Spain
Edinburgh UK,-3.22,55.95,Europe,Edinburgh UK
Olsztyn Poland,20.49,53.78,Europe,Olsztyn Poland
Pisa Italy,10.4,43.72,Europe,Pisa Italy
Tulsa USA,-95.92,36.13,Americas,Tulsa USA
Wilmington USA,-75.53,39.74,Americas,Wilmington USA
Glendale USA,-118.25,34.18,Americas,Glendale USA
Kashan Iran,51.58,33.98,Asia,Kashan Iran
Berlin Germany,13.38,52.52,Europe,Berlin Germany
Arlington USA,-77.1,38.88,Americas,Arlington USA
Siegen Germany,8.01,50.87,Europe,Siegen Germany
Amersfoort Netherlands,5.38,52.16,Europe,Amersfoort Netherlands
Mainz Germany,8.26,50,Europe,Mainz Germany
Araraquara Brazil,-48.13,-21.75,Americas,Araraquara Brazil
Hachinohe Japan,141.53,40.52,Asia,Hachinohe Japan
Isparta Turkey,30.55,37.77,Asia,Isparta Turkey
Songkhla Thailand,100.56,7.21,Asia,Songkhla Thailand
Tarkwa Ghana,-2,5.3,Africa,Tarkwa Ghana
Poitiers France,0.34,46.58,Europe,Poitiers France
Sanandaj Iran,47.02,35.3,Asia,Sanandaj Iran
Madrid Spain,-3.71,40.42,Europe,Madrid Spain
Brisbane Australia,153.02,-27.46,Oceania,Brisbane Australia
Samara Russia,50.15,53.2,Europe,Samara Russia
Damghan Iran,54.35,36.17,Asia,Damghan Iran
Shahreza Iran,51.87,32.02,Asia,Shahreza Iran
Taipei Taiwan,121.45,25.02,Asia,Taipei Taiwan
Redmond USA,-122.11,47.67,Americas,Redmond USA
Charleston USA,-79.99,32.79,Americas,Charleston USA
Sagamihara Japan,139.38,35.58,Asia,Sagamihara Japan
Miri Malaysia,113.97,4.4,Asia,Miri Malaysia
Bursa Turkey,29.08,40.2,Asia,Bursa Turkey
Barcelona Spain,2.17,41.4,Europe,Barcelona Spain
Exeter UK,-3.54,50.73,Europe,Exeter UK
Arpajon France,2.25,48.58,Europe,Arpajon France
Linares Spain,-3.63,38.1,Europe,Linares Spain
Tours France,0.69,47.38,Europe,Tours France
Lincoln USA,-96.69,40.82,Americas,Lincoln USA
Fayetteville USA,-78.9,35.07,Americas,Fayetteville USA
Frankfurt Germany,8.68,50.12,Europe,Frankfurt Germany
Fukuoka Japan,130.41,33.59,Asia,Fukuoka Japan
Cambridge USA,-71.12,42.38,Americas,Cambridge USA
Mashhad Iran,59.57,36.27,Asia,Mashhad Iran
Novosibirsk Russia,82.93,55.04,Europe,Novosibirsk Russia
Waterloo Canada,-72.52,45.35,Americas,Waterloo Canada
Kiev Ukraine,30.52,50.43,Europe,Kiev Ukraine
Erie USA,-80.09,42.13,Americas,Erie USA
Wachtberg Germany,7.11,50.63,Europe,Wachtberg Germany
Honolulu USA,-157.8,21.32,Americas,Honolulu USA
Lipetsk Russia,39.62,52.62,Europe,Lipetsk Russia
Timmins Canada,-81.35,48.49,Americas,Timmins Canada
Ronda Spain,-5.16,36.74,Europe,Ronda Spain
Halstead UK,0.13,51.32,Europe,Halstead UK
Doha Qatar,51.51,25.3,Asia,Doha Qatar
Rehovot Israel,34.8,31.89,Asia,Rehovot Israel
Hiroshima Japan,132.44,34.39,Asia,Hiroshima Japan
Volgograd Russia,44.48,48.71,Europe,Volgograd Russia
Durham UK,-1.6,54.78,Europe,Durham UK
Newark USA,-74.17,40.72,Americas,Newark USA
Kumamoto Japan,130.71,32.8,Asia,Kumamoto Japan
Armidale Australia,151.66,-30.51,Oceania,Armidale Australia
Guildford UK,-0.58,51.24,Europe,Guildford UK
Palapye Botswana,27.13,-22.56,Africa,Palapye Botswana
Gatton Australia,152.28,-27.56,Oceania,Gatton Australia
Alexandria USA,-77.09,38.82,Americas,Alexandria USA
Salford UK,-2.31,53.48,Europe,Salford UK
Ube Japan,131.24,33.94,Asia,Ube Japan
Cologne Germany,6.97,50.95,Europe,Cologne Germany
Bogor Indonesia,106.79,-6.58,Asia,Bogor Indonesia
Trondheim Norway,10.4,63.44,Europe,Trondheim Norway
Cardiff UK,-3.18,51.48,Europe,Cardiff UK
Shahinshahr Iran,51.54,32.81,Asia,Shahinshahr Iran
Saint-Etienne France,4.39,45.43,Europe,Saint-Etienne France
Cracow Poland,19.96,50.06,Europe,Cracow Poland
Paris France,2.34,48.86,Europe,Paris France
Warrington UK,-2.6,53.39,Europe,Warrington UK
Bochum Germany,7.2,51.48,Europe,Bochum Germany
Andover USA,-71.14,42.65,Americas,Andover USA
Miami USA,-80.21,25.78,Americas,Miami USA
Antwerp Belgium,4.42,51.22,Europe,Antwerp Belgium
Baghdad Iraq,44.44,33.33,Asia,Baghdad Iraq
Hampton USA,-76.29,37.05,Americas,Hampton USA
Yakutsk Russia,129.73,62.03,Europe,Yakutsk Russia
Nancy France,6.17,48.69,Europe,Nancy France
Cincinnati USA,-84.51,39.14,Americas,Cincinnati USA
Gliwice Poland,18.67,50.31,Europe,Gliwice Poland
Melaka Malaysia,102.25,2.21,Asia,Melaka Malaysia
Florence Italy,11.24,43.78,Europe,Florence Italy
Victoria Canada,-123.37,48.43,Americas,Victoria Canada
Salisbury UK,-1.8,51.08,Europe,Salisbury UK
Brussels Belgium,4.33,50.83,Europe,Brussels Belgium
Krasnoyarsk Russia,93.06,56.02,Europe,Krasnoyarsk Russia
Manchester USA,-71.44,42.98,Americas,Manchester USA
Zielonka Poland,21.17,52.3,Europe,Zielonka Poland
Pontypridd UK,-3.35,51.61,Europe,Pontypridd UK
Ioannina Greece,20.85,39.67,Europe,Ioannina Greece
Biysk Russia,85.17,52.53,Europe,Biysk Russia
Loughborough UK,-1.22,52.77,Europe,Loughborough UK
Oulu Finland,25.47,65.02,Europe,Oulu Finland
Tampere Finland,23.76,61.52,Europe,Tampere Finland
Santiago Chile,-70.64,-33.46,Americas,Santiago Chile
Hartford USA,-72.68,41.77,Americas,Hartford USA
Bethesda USA,-77.12,38.99,Americas,Bethesda USA
Derby UK,-1.5,52.92,Europe,Derby UK
Pavlohrad Ukraine,35.87,48.52,Europe,Pavlohrad Ukraine
Toowoomba Australia,151.96,-27.56,Oceania,Toowoomba Australia
Flitwick UK,-0.48,52,Europe,Flitwick UK
Kiel Germany,10.12,54.32,Europe,Kiel Germany
Taoyuan Taiwan,121.31,25,Asia,Taoyuan Taiwan
Kazan Russia,49.13,55.75,Europe,Kazan Russia
Denton USA,-97.13,33.21,Americas,Denton USA
Jackson USA,-90.21,32.32,Americas,Jackson USA
Montpellier France,3.87,43.61,Europe,Montpellier France
Nashville USA,-86.78,36.17,Americas,Nashville USA
Utrecht Netherlands,5.11,52.1,Europe,Utrecht Netherlands
Linz Austria,14.29,48.31,Europe,Linz Austria
Snezhinsk Russia,60.73,56.09,Europe,Snezhinsk Russia
Bryan USA,-96.37,30.67,Americas,Bryan USA
Stillwater USA,-97.07,36.13,Americas,Stillwater USA
Huntington USA,-82.43,38.41,Americas,Huntington USA
Toulouse France,1.45,43.62,Europe,Toulouse France
Swindon UK,-1.78,51.57,Europe,Swindon UK
Aylesbury UK,-0.83,51.83,Europe,Aylesbury UK
Richland USA,-119.29,46.29,Americas,Richland USA
Akron USA,-81.52,41.08,Americas,Akron USA
Almaty Kazakhstan,76.92,43.32,Asia,Almaty Kazakhstan
Champaign USA,-88.26,40.11,Americas,Champaign USA
Arnhem Netherlands,5.91,51.99,Europe,Arnhem Netherlands
Aachen Germany,6.09,50.77,Europe,Aachen Germany
Dresden Germany,13.74,51.05,Europe,Dresden Germany
Leiden Netherlands,4.49,52.17,Europe,Leiden Netherlands
Yokosuka Japan,139.67,35.27,Asia,Yokosuka Japan
Lawrence USA,-85.99,39.87,Americas,Lawrence USA
Littleton USA,-105.01,39.59,Americas,Littleton USA
Bremen Germany,8.81,53.08,Europe,Bremen Germany
Ancona Italy,13.5,43.6,Europe,Ancona Italy
Kirovsk Russia,31,59.87,Europe,Kirovsk Russia
Rijswijk Netherlands,4.36,52.05,Europe,Rijswijk Netherlands
Chantilly USA,-77.41,38.88,Americas,Chantilly USA
Vilnius Lithuania,25.27,54.7,Europe,Vilnius Lithuania
Rasht Iran,49.63,37.3,Asia,Rasht Iran
Trieste Italy,13.77,45.65,Europe,Trieste Italy
Padova Italy,11.87,45.41,Europe,Padova Italy
Fairfield USA,-122.04,38.25,Americas,Fairfield USA
Dayton USA,-84.2,39.78,Americas,Dayton USA
Philadelphia USA,-75.13,40.01,Americas,Philadelphia USA
Hamburg Germany,10,53.55,Europe,Hamburg Germany
Gainesville USA,-82.34,29.67,Americas,Gainesville USA
Escondido USA,-117.07,33.14,Americas,Escondido USA
Danbury USA,-73.47,41.4,Americas,Danbury USA
Yamaguchi Japan,131.48,34.18,Asia,Yamaguchi Japan
Warren USA,-83.03,42.49,Americas,Warren USA
Irvine USA,-117.8,33.66,Americas,Irvine USA
Rostock Germany,12.1,54.09,Europe,Rostock Germany
Middletown USA,-72.65,41.55,Americas,Middletown USA
Wokingham UK,-0.85,51.42,Europe,Wokingham UK
Westminster USA,-105.05,39.88,Americas,Westminster USA
Osaka Japan,135.5,34.68,Asia,Osaka Japan
Lagos Nigeria,3.47,6.45,Africa,Lagos Nigeria
Jerusalem Israel,35.22,31.78,Asia,Jerusalem Israel
Chatou France,2.14,48.89,Europe,Chatou France
Ames USA,-93.63,42.02,Americas,Ames USA
Harstad Norway,16.52,68.81,Europe,Harstad Norway
Saitama Japan,139.64,35.87,Asia,Saitama Japan
Hasselt Belgium,5.33,50.93,Europe,Hasselt Belgium
Brighton UK,-0.15,50.83,Europe,Brighton UK
Milan Italy,9.19,45.48,Europe,Milan Italy
Bologna Italy,11.34,44.5,Europe,Bologna Italy
Pasadena USA,-95.15,29.66,Americas,Pasadena USA
Ebolowa Cameroon,11.14,2.93,Africa,Ebolowa Cameroon
Opole Poland,17.94,50.68,Europe,Opole Poland
Worcester USA,-71.81,42.27,Americas,Worcester USA
Oviedo Spain,-5.83,43.35,Europe,Oviedo Spain
Valencia Spain,-0.39,39.48,Europe,Valencia Spain
Dortmund Germany,7.48,51.51,Europe,Dortmund Germany
Gdansk Poland,18.64,54.36,Europe,Gdansk Poland
Denver USA,-104.87,39.77,Americas,Denver USA
Tokushima Japan,134.55,34.07,Asia,Tokushima Japan
Stevenage UK,-0.21,51.92,Europe,Stevenage UK
Okayama Japan,133.92,34.67,Asia,Okayama Japan
Lublin Poland,22.57,51.24,Europe,Lublin Poland
Galveston USA,-94.81,29.3,Americas,Galveston USA
Guelph Canada,-80.26,43.56,Americas,Guelph Canada
Sofia Bulgaria,23.31,42.69,Europe,Sofia Bulgaria
Shelby USA,-83.03,42.67,Americas,Shelby USA
Raleigh USA,-78.66,35.82,Americas,Raleigh USA
Toulon France,5.92,43.13,Europe,Toulon France
Bucharest Romania,26.1,44.44,Europe,Bucharest Romania
Cherkasy Ukraine,32.07,49.43,Europe,Cherkasy Ukraine
Providence USA,-71.42,41.82,Americas,Providence USA
Adana Turkey,35.32,37,Asia,Adana Turkey
Bari Italy,16.87,41.12,Europe,Bari Italy
Zonguldak Turkey,31.8,41.46,Asia,Zonguldak Turkey
Ruse Bulgaria,25.98,43.85,Europe,Ruse Bulgaria
Kyoto Japan,135.75,35.01,Asia,Kyoto Japan
Rochester USA,-77.62,43.17,Americas,Rochester USA
Okazaki Japan,137.16,34.96,Asia,Okazaki Japan
Sinop Turkey,35.15,42.03,Asia,Sinop Turkey
Cesson-Sevigne France,-1.62,48.12,Europe,Cesson-Sevigne France
Winnipeg Canada,-97.17,49.88,Americas,Winnipeg Canada
Amsterdam Netherlands,4.89,52.37,Europe,Amsterdam Netherlands
Bootle UK,-3.01,53.47,Europe,Bootle UK
Nagoya Japan,136.91,35.15,Asia,Nagoya Japan
Newtownabbey UK,-5.87,54.67,Europe,Newtownabbey UK
Aberystwyth UK,-4.09,52.42,Europe,Aberystwyth UK
Dundee UK,-3,56.47,Europe,Dundee UK
Titusville USA,-80.82,28.59,Americas,Titusville USA
Yazd Iran,54.37,31.92,Asia,Yazd Iran
Toronto Canada,-79.38,43.65,Americas,Toronto Canada
Centennial USA,-104.85,39.6,Americas,Centennial USA
Tampa USA,-82.48,27.96,Americas,Tampa USA
Farnborough UK,-0.76,51.3,Europe,Farnborough UK
Elazig Turkey,39.23,38.68,Asia,Elazig Turkey
Wuppertal Germany,7.18,51.26,Europe,Wuppertal Germany
Lexington USA,-84.46,38.04,Americas,Lexington USA
Lund Sweden,13.2,55.71,Europe,Lund Sweden
Lansing USA,-84.55,42.71,Americas,Lansing USA
Kumla Sweden,15.13,59.13,Europe,Kumla Sweden
Lodz Poland,19.46,51.77,Europe,Lodz Poland
Tucuman Argentina,-65.22,-26.83,Americas,Tucuman Argentina
Metairie USA,-90.18,30,Americas,Metairie USA
Swisttal Germany,6.91,50.7,Europe,Swisttal Germany
Milford USA,-73.06,41.23,Americas,Milford USA
Moore USA,-97.47,35.33,Americas,Moore USA
Osijek Croatia,18.68,45.55,Europe,Osijek Croatia
Shizuoka Japan,138.39,34.98,Asia,Shizuoka Japan
Waukegan USA,-87.87,42.37,Americas,Waukegan USA
Ako Japan,134.39,34.75,Asia,Ako Japan
Fukuyama Japan,133.37,34.5,Asia,Fukuyama Japan
Murcia Spain,-1.13,37.98,Europe,Murcia Spain
Lavras Brazil,-45.01,-21.25,Americas,Lavras Brazil
Petrosani Romania,23.38,45.41,Europe,Petrosani Romania
Irkutsk Russia,104.24,52.33,Europe,Irkutsk Russia
Giessen Germany,8.68,50.58,Europe,Giessen Germany
Highland USA,-117.19,34.12,Americas,Highland USA
Craiova Romania,23.82,44.33,Europe,Craiova Romania
Jakarta Indonesia,106.83,-6.18,Asia,Jakarta Indonesia
Ufa Russia,56.04,54.78,Europe,Ufa Russia
Newton USA,-71.21,42.33,Americas,Newton USA
Seattle USA,-122.35,47.62,Americas,Seattle USA
Khabarovsk Russia,135.12,48.42,Europe,Khabarovsk Russia
Sandy USA,-111.85,40.57,Americas,Sandy USA
Vladivostok Russia,131.9,43.13,Europe,Vladivostok Russia
Rzeszow Poland,22,50.05,Europe,Rzeszow Poland
Vigo Spain,-8.71,42.22,Europe,Vigo Spain
Schrobenhausen Germany,11.26,48.57,Europe,Schrobenhausen Germany
Tumba Sweden,17.81,59.2,Europe,Tumba Sweden
Savannah USA,-81.13,32.02,Americas,Savannah USA
Algiers Algeria,3.04,36.77,Africa,Algiers Algeria
Manisa Turkey,27.43,38.63,Asia,Manisa Turkey
Astana Kazakhstan,71.47,51.17,Asia,Astana Kazakhstan
Izhevsk Russia,53.23,56.85,Europe,Izhevsk Russia
Limoges France,1.25,45.83,Europe,Limoges France
Sterling USA,-77.43,39.01,Americas,Sterling USA
Novato USA,-122.56,38.09,Americas,Novato USA
Carlsbad USA,-117.29,33.12,Americas,Carlsbad USA
Downey USA,-118.13,33.94,Americas,Downey USA
Bydgoszcz Poland,18.01,53.12,Europe,Bydgoszcz Poland
Youssoufia Morocco,-8.53,32.26,Africa,Youssoufia Morocco
Regina Canada,-104.61,50.45,Americas,Regina Canada
Campos Brazil,-41.34,-21.75,Americas,Campos Brazil
Kent USA,-122.24,47.39,Americas,Kent USA
Kremenchuk Ukraine,33.42,49.07,Europe,Kremenchuk Ukraine
Freeport USA,-73.58,40.65,Americas,Freeport USA
Saga Japan,130.3,33.25,Asia,Saga Japan
Portsmouth USA,-76.36,36.86,Americas,Portsmouth USA
Rheinstetten Germany,8.31,48.96,Europe,Rheinstetten Germany
Stevenston UK,-4.77,55.63,Europe,Stevenston UK
Wollongong Australia,150.87,-34.42,Oceania,Wollongong Australia
Pocatello USA,-112.47,42.88,Americas,Pocatello USA
Kaliningrad Russia,20.5,54.71,Europe,Kaliningrad Russia
Chelyabinsk Russia,61.43,55.15,Europe,Chelyabinsk Russia
Hobart Australia,147.29,-42.85,Oceania,Hobart Australia
Mikolow Poland,18.97,50.23,Europe,Mikolow Poland
Leipzig Germany,12.4,51.35,Europe,Leipzig Germany
Gembloux Belgium,4.68,50.57,Europe,Gembloux Belgium
Kharkiv Ukraine,36.22,49.98,Europe,Kharkiv Ukraine
London UK,-0.1,51.52,Europe,London UK
Horten Norway,10.47,59.42,Europe,Horten Norway
Poznan Poland,16.9,52.4,Europe,Poznan Poland
Canberra Australia,149.13,-35.31,Oceania,Canberra Australia
Billerica USA,-71.26,42.56,Americas,Billerica USA
Granada Spain,-3.59,37.17,Europe,Granada Spain
Chesterfield UK,-1.42,53.25,Europe,Chesterfield UK
Carrollton USA,-96.9,32.99,Americas,Carrollton USA
Kangar Malaysia,100.19,6.44,Asia,Kangar Malaysia
Binghamton USA,-75.91,42.1,Americas,Binghamton USA
Baldock UK,-0.18,51.98,Europe,Baldock UK
Pekan Malaysia,103.42,3.5,Asia,Pekan Malaysia
Ploemeur France,-3.43,47.73,Europe,Ploemeur France
Lille France,3.07,50.64,Europe,Lille France
Hamilton Canada,-79.85,43.26,Americas,Hamilton Canada
Billingham UK,-1.28,54.61,Europe,Billingham UK
Salvador Brazil,-38.5,-12.97,Americas,Salvador Brazil
Bergen Norway,5.34,60.38,Europe,Bergen Norway
Kristiansand Norway,7.99,58.15,Europe,Kristiansand Norway
Parma Italy,10.32,44.81,Europe,Parma Italy
Braga Portugal,-8.43,41.55,Europe,Braga Portugal
Bristol UK,-2.6,51.46,Europe,Bristol UK
Davos Switzerland,9.82,46.81,Europe,Davos Switzerland
Orlando USA,-81.37,28.5,Americas,Orlando USA
Livingston UK,-3.5,55.91,Europe,Livingston UK
Waltham USA,-71.24,42.39,Americas,Waltham USA
Roskilde Denmark,12.09,55.65,Europe,Roskilde Denmark
Frederiksberg Denmark,11.57,55.42,Europe,Frederiksberg Denmark
Mons Belgium,3.93,50.45,Europe,Mons Belgium
Surakarta Indonesia,110.82,-7.57,Asia,Surakarta Indonesia
Kumasi Ghana,-1.63,6.69,Africa,Kumasi Ghana
Birmingham UK,-1.91,52.48,Europe,Birmingham UK
Riga Latvia,24.13,56.97,Europe,Riga Latvia
Izmir Turkey,27.15,38.43,Asia,Izmir Turkey
Porto Portugal,-8.62,41.15,Europe,Porto Portugal
Bialystok Poland,23.16,53.14,Europe,Bialystok Poland
Kielce Poland,20.65,50.89,Europe,Kielce Poland
Frascati Italy,12.68,41.82,Europe,Frascati Italy
Antofagasta Chile,-70.39,-23.65,Americas,Antofagasta Chile
Stavropol Russia,41.97,45.04,Europe,Stavropol Russia
Kosice Slovakia,21.26,48.73,Europe,Kosice Slovakia
Antrim UK,-6.23,54.72,Europe,Antrim UK
Esfahan Iran,51.68,32.68,Asia,Esfahan Iran
Edinburg USA,-98.16,26.3,Americas,Edinburg USA
Nottingham UK,-1.18,52.97,Europe,Nottingham UK
Scottsdale USA,-111.87,33.69,Americas,Scottsdale USA
Basel Switzerland,7.58,47.57,Europe,Basel Switzerland
Tsu Japan,136.51,34.72,Asia,Tsu Japan
Sacramento USA,-121.47,38.57,Americas,Sacramento USA
Groningen Netherlands,6.57,53.23,Europe,Groningen Netherlands
Norman USA,-97.34,35.23,Americas,Norman USA
Ibaraki Japan,135.57,34.81,Asia,Ibaraki Japan
Corvallis USA,-123.28,44.57,Americas,Corvallis USA
Reno USA,-119.82,39.54,Americas,Reno USA
Huddersfield UK,-1.8,53.66,Europe,Huddersfield UK
Dnipropetrovs'k Ukraine,34.98,48.45,Europe,Dnipropetrovs'k Ukraine
Ulaanbaatar Mongolia,106.91,47.93,Asia,Ulaanbaatar Mongolia
Olten Switzerland,7.9,47.37,Europe,Olten Switzerland
Eugene USA,-123.11,44.05,Americas,Eugene USA
Coimbra Portugal,-8.43,40.22,Europe,Coimbra Portugal
Tsukuba Japan,140.09,36.21,Asia,Tsukuba Japan
York UK,-1.11,53.96,Europe,York UK
Birmingham USA,-86.8,33.53,Americas,Birmingham USA
Bor Russia,44.09,56.35,Europe,Bor Russia
Torrance USA,-118.34,33.83,Americas,Torrance USA
Dubna Russia,37.15,56.75,Europe,Dubna Russia
Tula Russia,37.61,54.2,Europe,Tula Russia
Fuji Japan,138.69,35.17,Asia,Fuji Japan
Quito Ecuador,-78.5,-0.19,Americas,Quito Ecuador
Tainan Taiwan,120.19,23,Asia,Tainan Taiwan
Alexandria Egypt,29.95,31.22,Africa,Alexandria Egypt
Fontenay-aux-Roses France,2.28,48.78,Europe,Fontenay-aux-Roses France
Kiruna Sweden,20.22,67.86,Europe,Kiruna Sweden
Pueblo USA,-104.62,38.27,Americas,Pueblo USA
Vaasa Finland,21.61,63.1,Europe,Vaasa Finland
Naperville USA,-88.15,41.76,Americas,Naperville USA
Nicosia Cyprus,33.38,35.16,Asia,Nicosia Cyprus
Abingdon UK,-1.29,51.68,Europe,Abingdon UK
Chiba Japan,140.11,35.61,Asia,Chiba Japan
Wroclaw Poland,17.03,51.11,Europe,Wroclaw Poland
Gif-sur-Yvette France,2.13,48.68,Europe,Gif-sur-Yvette France
Recife Brazil,-34.92,-8.08,Americas,Recife Brazil
Curitiba Brazil,-49.29,-25.42,Americas,Curitiba Brazil
Davis USA,-121.74,38.55,Americas,Davis USA
Padang Indonesia,100.35,-0.95,Asia,Padang Indonesia
Erlangen Germany,11.01,49.6,Europe,Erlangen Germany
Frederick USA,-77.42,39.43,Americas,Frederick USA
Gora Poland,16.52,51.67,Europe,Gora Poland
Fargo USA,-96.82,46.88,Americas,Fargo USA
Brookline USA,-71.14,42.32,Americas,Brookline USA
Greensboro USA,-79.83,36.08,Americas,Greensboro USA
Perm Russia,56.25,58,Europe,Perm Russia
Mesa USA,-111.74,33.42,Americas,Mesa USA
Sudbury Canada,-81.01,46.49,Americas,Sudbury Canada
Weimar Germany,11.32,50.99,Europe,Weimar Germany
Phoenix USA,-112.07,33.54,Americas,Phoenix USA
Berkeley USA,-122.27,37.87,Americas,Berkeley USA
Yekaterinburg Russia,60.6,56.85,Europe,Yekaterinburg Russia
Yatsushiro Japan,130.6,32.51,Asia,Yatsushiro Japan
Belgorod Russia,36.59,50.61,Europe,Belgorod Russia
Pamplona Spain,-1.65,42.82,Europe,Pamplona Spain
Aurora USA,-88.29,41.77,Americas,Aurora USA
Halle Germany,8.35,52.07,Europe,Halle Germany
Norfolk USA,-76.24,36.92,Americas,Norfolk USA
Szczecin Poland,14.53,53.43,Europe,Szczecin Poland
Rouen France,1.08,49.44,Europe,Rouen France
Erdemli Turkey,34.31,36.61,Asia,Erdemli Turkey
Manaus Brazil,-60.02,-3.12,Americas,Manaus Brazil
Clinton USA,-82.92,42.59,Americas,Clinton USA
Salem USA,-123.02,44.92,Americas,Salem USA
Balikesir Turkey,27.88,39.65,Asia,Balikesir Turkey
Edison USA,-74.37,40.53,Americas,Edison USA
Koblenz Germany,7.6,50.35,Europe,Koblenz Germany
Greeley USA,-104.74,40.42,Americas,Greeley USA
Fullerton USA,-117.93,33.88,Americas,Fullerton USA
Morpeth UK,-1.68,55.17,Europe,Morpeth UK
Tracy USA,-121.43,37.74,Americas,Tracy USA
Split Croatia,16.45,43.51,Europe,Split Croatia
Sosnowiec Poland,19.12,50.28,Europe,Sosnowiec Poland
Erzurum Turkey,41.29,39.91,Asia,Erzurum Turkey
Hattiesburg USA,-89.31,31.31,Americas,Hattiesburg USA
Bletchley UK,-0.74,52,Europe,Bletchley UK
Saskatoon Canada,-106.66,52.15,Americas,Saskatoon Canada
Giubiasco Switzerland,9.01,46.18,Europe,Giubiasco Switzerland
Campinas Brazil,-47.08,-22.91,Americas,Campinas Brazil
Preston UK,-2.73,53.76,Europe,Preston UK
Riverside USA,-117.4,33.94,Americas,Riverside USA
Jonesboro USA,-90.69,35.82,Americas,Jonesboro USA
Gdynia Poland,18.53,54.52,Europe,Gdynia Poland
Nalchik Russia,43.62,43.5,Europe,Nalchik Russia
Chieti Italy,14.16,42.35,Europe,Chieti Italy
Abeokuta Nigeria,3.35,7.16,Africa,Abeokuta Nigeria
Cluj-Napoca Romania,23.59,46.78,Europe,Cluj-Napoca Romania
Diadema Brazil,-46.61,-23.69,Americas,Diadema Brazil
Munster Germany,10.08,53,Europe,Munster Germany
Taketoyo Japan,136.92,34.85,Asia,Taketoyo Japan
Tbilisi Georgia,44.79,41.72,Asia,Tbilisi Georgia
Garching Germany,11.65,48.24,Europe,Garching Germany
Memphis USA,-90.01,35.11,Americas,Memphis USA
Lincoln UK,-0.55,53.25,Europe,Lincoln UK
Toledo USA,-83.58,41.66,Americas,Toledo USA
Lillehammer Norway,10.47,61.12,Europe,Lillehammer Norway
Halifax Canada,-63.61,44.67,Americas,Halifax Canada
Marmara Turkey,27.56,40.59,Asia,Marmara Turkey
Wimmis Switzerland,7.63,46.68,Europe,Wimmis Switzerland
Karlskoga Sweden,14.5,59.33,Europe,Karlskoga Sweden
Tabriz Iran,46.3,38.08,Asia,Tabriz Iran
Roanoke USA,-79.96,37.28,Americas,Roanoke USA
Hitachi Japan,140.66,36.59,Asia,Hitachi Japan
Akure Nigeria,5.2,7.25,Africa,Akure Nigeria
Ilkley UK,-1.82,53.92,Europe,Ilkley UK
Magdeburg Germany,11.62,52.13,Europe,Magdeburg Germany
Oberhausen Germany,6.86,51.47,Europe,Oberhausen Germany
Niigata Japan,139.04,37.92,Asia,Niigata Japan
Lorena Brazil,-45.11,-22.73,Americas,Lorena Brazil
Lemesos Cyprus,33.05,34.68,Asia,Lemesos Cyprus
Redlands USA,-117.17,34.06,Americas,Redlands USA
Thun Switzerland,7.62,46.77,Europe,Thun Switzerland
Azusa USA,-117.91,34.14,Americas,Azusa USA
Gubkin Russia,37.39,51.28,Europe,Gubkin Russia
Nonthaburi Thailand,100.18,13.8,Asia,Nonthaburi Thailand
Cary USA,-78.8,35.78,Americas,Cary USA
Lancaster USA,-118.18,34.69,Americas,Lancaster USA
Salta Argentina,-65.41,-24.79,Americas,Salta Argentina
Ardabil Iran,48.3,38.25,Asia,Ardabil Iran
Burlington USA,-79.45,36.08,Americas,Burlington USA
Babol Iran,52.7,36.53,Asia,Babol Iran
Harran Turkey,39.03,36.86,Asia,Harran Turkey
Zilina Slovakia,18.74,49.22,Europe,Zilina Slovakia
Ramenskoye Russia,38.35,55.49,Europe,Ramenskoye Russia
Chapaevsk Russia,49.72,52.98,Europe,Chapaevsk Russia
Wyoming USA,-85.7,42.89,Americas,Wyoming USA
Watford UK,-0.4,51.66,Europe,Watford UK
Turku Finland,22.25,60.45,Europe,Turku Finland
Charlotte USA,-80.83,35.2,Americas,Charlotte USA
Baku Azerbaijan,49.86,40.39,Asia,Baku Azerbaijan
Miskolc Hungary,20.79,48.1,Europe,Miskolc Hungary
Muroran Japan,141.01,42.34,Asia,Muroran Japan
Matsuyama Japan,132.77,33.84,Asia,Matsuyama Japan
Mannheim Germany,8.47,49.5,Europe,Mannheim Germany
Ettlingen Germany,8.4,48.95,Europe,Ettlingen Germany
Chita Russia,113.46,52.05,Europe,Chita Russia
Naples Italy,14.27,40.85,Europe,Naples Italy
Constantine Algeria,6.6,36.36,Africa,Constantine Algeria
Dusseldorf Germany,6.79,51.24,Europe,Dusseldorf Germany
Anderson USA,-85.69,40.09,Americas,Anderson USA
Vancouver Canada,-123.13,49.28,Americas,Vancouver Canada
Lahore Pakistan,74.35,31.56,Asia,Lahore Pakistan
Plano USA,-96.75,33.05,Americas,Plano USA
Beckum Germany,8.03,51.76,Europe,Beckum Germany
Rheinbach Germany,6.95,50.63,Europe,Rheinbach Germany
Msida Malta,14.48,35.9,Europe,Msida Malta
Nagaoka Japan,138.85,37.46,Asia,Nagaoka Japan
Nijmegen Netherlands,5.85,51.84,Europe,Nijmegen Netherlands
Catania Italy,15.08,37.5,Europe,Catania Italy
Ogden USA,-111.97,41.23,Americas,Ogden USA
Cajamarca Peru,-78.52,-7.16,Americas,Cajamarca Peru
Tolyatti Russia,49.51,53.48,Europe,Tolyatti Russia
Sapporo Japan,141.34,43.06,Asia,Sapporo Japan
Tashkent Uzbekistan,69.3,41.31,Asia,Tashkent Uzbekistan
Waterbury USA,-73.04,41.56,Americas,Waterbury USA
Sumy Ukraine,34.78,50.92,Europe,Sumy Ukraine
Asheville USA,-82.55,35.57,Americas,Asheville USA
Gosport UK,-1.14,50.8,Europe,Gosport UK
Syracuse USA,-76.14,43.04,Americas,Syracuse USA
Chita Japan,136.86,35,Asia,Chita Japan
Schaan Liechtenstein,9.51,47.17,Europe,Schaan Liechtenstein
Chunan Taiwan,120.92,24.7,Asia,Chunan Taiwan
Allentown USA,-75.48,40.6,Americas,Allentown USA
Chisinau Moldova,28.83,47.03,Europe,Chisinau Moldova
Chertsey UK,-0.5,51.38,Europe,Chertsey UK
Carleton Canada,-66.1,48.1,Americas,Carleton Canada
Dublin Ireland,-6.25,53.33,Europe,Dublin Ireland
Franklin USA,-86.84,35.93,Americas,Franklin USA
Debrecen Hungary,21.63,47.54,Europe,Debrecen Hungary
Duisburg Germany,6.75,51.43,Europe,Duisburg Germany
Strasbourg France,7.76,48.58,Europe,Strasbourg France
Perugia Italy,12.39,43.11,Europe,Perugia Italy
Yuzhno-Sakhalinsk Russia,142.74,46.95,Europe,Yuzhno-Sakhalinsk Russia
Bridgwater UK,-3.01,51.13,Europe,Bridgwater UK
Bremerhaven Germany,8.58,53.55,Europe,Bremerhaven Germany
Concord USA,-122,37.97,Americas,Concord USA
Euskirchen Germany,6.79,50.66,Europe,Euskirchen Germany
Pavia Italy,9.15,45.2,Europe,Pavia Italy
Lyon France,4.83,45.76,Europe,Lyon France
Sangolqui Ecuador,-78.46,-0.31,Americas,Sangolqui Ecuador
Harrisburg USA,-76.88,40.28,Americas,Harrisburg USA
Mobile USA,-88.09,30.68,Americas,Mobile USA
Bath UK,-2.38,51.39,Europe,Bath UK
Schaumburg USA,-88.08,42.03,Americas,Schaumburg USA
Manila Philippines,120.97,14.62,Asia,Manila Philippines
Pittsburg USA,-121.89,38.02,Americas,Pittsburg USA
Leoben Austria,15.09,47.38,Europe,Leoben Austria
Colombia Colombia,-74.81,3.38,Americas,Colombia Colombia
Selcuk Turkey,27.35,37.96,Asia,Selcuk Turkey
Essen Germany,7,51.47,Europe,Essen Germany
Bend USA,-121.31,44.07,Americas,Bend USA
Indianapolis USA,-86.15,39.78,Americas,Indianapolis USA
Ilam Iran,46.43,33.63,Asia,Ilam Iran
Norilsk Russia,88.22,69.34,Europe,Norilsk Russia
Kobe Japan,135.17,34.68,Asia,Kobe Japan
Donetsk Ukraine,37.82,48,Europe,Donetsk Ukraine
Dubrovnik Croatia,18.07,42.66,Europe,Dubrovnik Croatia
Darmstadt Germany,8.64,49.87,Europe,Darmstadt Germany
Kalamazoo USA,-85.59,42.27,Americas,Kalamazoo USA
Turin Italy,7.68,45.08,Europe,Turin Italy
Camden USA,-75.11,39.94,Americas,Camden USA
Faro Portugal,-7.94,37.03,Europe,Faro Portugal
Sherbrooke Canada,-71.9,45.4,Americas,Sherbrooke Canada
Edirne Turkey,26.56,41.69,Asia,Edirne Turkey
Camarillo USA,-119.03,34.22,Americas,Camarillo USA
Uberlandia Brazil,-48.28,-18.9,Americas,Uberlandia Brazil
Qom Iran,50.95,34.65,Asia,Qom Iran
Mechelen Belgium,4.47,51.03,Europe,Mechelen Belgium
Arzamas Russia,43.82,55.38,Europe,Arzamas Russia
Pau France,-0.39,43.3,Europe,Pau France
Hunedoara Romania,22.92,45.77,Europe,Hunedoara Romania
Kherson Ukraine,32.6,46.63,Europe,Kherson Ukraine
Ondo Nigeria,4.84,7.09,Africa,Ondo Nigeria
Novokuznetsk Russia,87.1,53.75,Europe,Novokuznetsk Russia
Farmington USA,-108.19,36.75,Americas,Farmington USA
Utsunomiya Japan,139.89,36.56,Asia,Utsunomiya Japan
Stratford USA,-73.13,41.2,Americas,Stratford USA
Arvada USA,-105.11,39.82,Americas,Arvada USA
Touliu Taiwan,120.53,23.71,Asia,Touliu Taiwan
Pomona USA,-117.76,34.06,Americas,Pomona USA
Singleton Australia,151.16,-32.57,Oceania,Singleton Australia
Ueda Japan,138.25,36.4,Asia,Ueda Japan
Clearwater USA,-82.77,27.98,Americas,Clearwater USA
Geel Belgium,5,51.17,Europe,Geel Belgium
Kanazawa Japan,136.64,36.56,Asia,Kanazawa Japan
Normal USA,-89,40.52,Americas,Normal USA
Surabaya Indonesia,112.74,-7.24,Asia,Surabaya Indonesia
Odense Denmark,10.38,55.4,Europe,Odense Denmark
Barnaul Russia,83.75,53.36,Europe,Barnaul Russia
Wilson USA,-77.92,35.73,Americas,Wilson USA
Annecy France,6.12,45.91,Europe,Annecy France
Toyota Japan,137.16,35.09,Asia,Toyota Japan
Monroe USA,-92.08,32.51,Americas,Monroe USA
Reykjavik Iceland,-21.92,64.14,Europe,Reykjavik Iceland
Rockville USA,-77.15,39.08,Americas,Rockville USA
Potsdam Germany,13.07,52.4,Europe,Potsdam Germany
Anchorage USA,-149.19,61.18,Americas,Anchorage USA
Novocherkassk Russia,40.09,47.42,Europe,Novocherkassk Russia
Tallinn Estonia,24.74,59.44,Europe,Tallinn Estonia
Muncie USA,-85.39,40.2,Americas,Muncie USA
Burbank USA,-118.33,34.19,Americas,Burbank USA
Appleton USA,-88.4,44.27,Americas,Appleton USA
Coventry UK,-1.5,52.42,Europe,Coventry UK
Goslar Germany,10.43,51.92,Europe,Goslar Germany
Nordiyya Israel,34.9,32.32,Asia,Nordiyya Israel
Maden Turkey,40.4,40.18,Asia,Maden Turkey
Orleans France,1.9,47.9,Europe,Orleans France
Kiryu Japan,139.33,36.43,Asia,Kiryu Japan
Baden Switzerland,8.31,47.48,Europe,Baden Switzerland
Amagasaki Japan,135.41,34.71,Asia,Amagasaki Japan
Everett USA,-122.2,47.96,Americas,Everett USA
Tanta Egypt,31,30.79,Africa,Tanta Egypt
Odesa Ukraine,30.73,46.47,Europe,Odesa Ukraine
Nantes France,-1.57,47.23,Europe,Nantes France
Mississauga Canada,-79.65,43.6,Americas,Mississauga Canada
Waco USA,-97.18,31.57,Americas,Waco USA
Union USA,-74.27,40.7,Americas,Union USA
Qena Egypt,32.72,26.15,Africa,Qena Egypt
Dumlupinar Turkey,30,38.87,Asia,Dumlupinar Turkey
Athlone Ireland,-7.95,53.42,Europe,Athlone Ireland
Merauke Indonesia,140.4,-8.5,Asia,Merauke Indonesia
Damietta Egypt,31.82,31.42,Africa,Damietta Egypt
Tunis Tunisia,10.22,36.84,Africa,Tunis Tunisia
Bonn Germany,7.1,50.73,Europe,Bonn Germany
Greenville USA,-82.37,34.84,Americas,Greenville USA
Gelugor Malaysia,100.5,5.48,Asia,Gelugor Malaysia
Semnan Iran,53.38,35.55,Asia,Semnan Iran
Cypress USA,-118.04,33.82,Americas,Cypress USA
Konya Turkey,32.48,37.88,Asia,Konya Turkey
Apatity Russia,33.39,67.57,Europe,Apatity Russia
Denizli Turkey,29.08,37.78,Asia,Denizli Turkey
Timisoara Romania,21.23,45.76,Europe,Timisoara Romania
Karachi Pakistan,67.01,24.86,Asia,Karachi Pakistan
Reston USA,-77.35,38.95,Americas,Reston USA
Udine Italy,13.24,46.07,Europe,Udine Italy
Leverkusen Germany,6.99,51.04,Europe,Leverkusen Germany
Yamanashi Japan,138.65,35.68,Asia,Yamanashi Japan
Vlaardingen Netherlands,4.33,51.92,Europe,Vlaardingen Netherlands
Vladikavkaz Russia,44.68,43.04,Europe,Vladikavkaz Russia
Kanata Canada,-75.88,45.34,Americas,Kanata Canada
Sanford USA,-81.28,28.79,Americas,Sanford USA
Bedford USA,-97.13,32.85,Americas,Bedford USA
Ryazan Russia,39.74,54.62,Europe,Ryazan Russia
Lecce Italy,18.16,40.36,Europe,Lecce Italy
Orange USA,-117.82,33.81,Americas,Orange USA
Anaheim USA,-117.87,33.84,Americas,Anaheim USA
Apeldoorn Netherlands,5.96,52.22,Europe,Apeldoorn Netherlands
Fengshan Taiwan,120.35,22.63,Asia,Fengshan Taiwan
Plymouth UK,-4.16,50.38,Europe,Plymouth UK
Bellevue USA,-122.16,47.6,Americas,Bellevue USA
Hillsboro USA,-122.94,45.53,Americas,Hillsboro USA
Garbsen Germany,9.59,52.42,Europe,Garbsen Germany
Balashikha Russia,37.95,55.8,Europe,Balashikha Russia
Yaroslavl Russia,39.87,57.62,Europe,Yaroslavl Russia
Concepcion Chile,-73.05,-36.83,Americas,Concepcion Chile
Medford USA,-71.11,42.42,Americas,Medford USA
Sackville Canada,-64.35,45.88,Americas,Sackville Canada
Geneva Switzerland,6.14,46.21,Europe,Geneva Switzerland
Fontainebleau France,2.7,48.42,Europe,Fontainebleau France
Schenectady USA,-73.93,42.8,Americas,Schenectady USA
Otsu Japan,135.87,35.01,Asia,Otsu Japan
Lima Peru,-77.05,-12.07,Americas,Lima Peru
Ilaro Nigeria,3.01,6.88,Africa,Ilaro Nigeria
Danville USA,-121.97,37.81,Americas,Danville USA
Poissy France,2.04,48.93,Europe,Poissy France
Lusaka Zambia,28.29,-15.42,Africa,Lusaka Zambia
Kastamonu Turkey,33.78,41.39,Asia,Kastamonu Turkey
Dorsten Germany,6.97,51.67,Europe,Dorsten Germany
Samsun Turkey,36.33,41.29,Asia,Samsun Turkey
Bushehr Iran,50.83,28.92,Asia,Bushehr Iran
Tonekabon Iran,50.88,36.82,Asia,Tonekabon Iran
Cruzeiro Brazil,-44.97,-22.57,Americas,Cruzeiro Brazil
Dzerzhinsk Russia,43.46,56.24,Europe,Dzerzhinsk Russia
Kaiserslautern Germany,7.75,49.45,Europe,Kaiserslautern Germany
Chiayi Taiwan,120.43,23.48,Asia,Chiayi Taiwan
Freiberg Germany,9.2,48.94,Europe,Freiberg Germany
Sorgues France,4.87,44.05,Europe,Sorgues France
Eschborn Germany,8.54,50.14,Europe,Eschborn Germany
Raufoss Norway,10.63,60.73,Europe,Raufoss Norway
Ludwigshafen Germany,8.44,49.48,Europe,Ludwigshafen Germany
Dublin USA,-121.91,37.72,Americas,Dublin USA
Kermanshah Iran,47.06,34.38,Asia,Kermanshah Iran
Orsay France,2.18,48.7,Europe,Orsay France
Kayseri Turkey,35.48,38.74,Asia,Kayseri Turkey
Sevilla Spain,-5.98,37.4,Europe,Sevilla Spain
Clermont-Ferrand France,3.08,45.78,Europe,Clermont-Ferrand France
Massy France,2.27,48.72,Europe,Massy France
Zaragoza Spain,-0.89,41.65,Europe,Zaragoza Spain
Spokane USA,-117.41,47.67,Americas,Spokane USA
Bloomington USA,-86.52,39.17,Americas,Bloomington USA
Ashdod Israel,34.64,31.8,Asia,Ashdod Israel
Herentals Belgium,4.83,51.18,Europe,Herentals Belgium
Saint-Denis France,2.36,48.94,Europe,Saint-Denis France
Pleasanton USA,-121.89,37.67,Americas,Pleasanton USA
Trowbridge UK,-2.22,51.32,Europe,Trowbridge UK
Lausanne Switzerland,6.62,46.52,Europe,Lausanne Switzerland
Rennes France,-1.68,48.11,Europe,Rennes France
Helsinki Finland,24.94,60.17,Europe,Helsinki Finland
Meylan France,5.75,45.22,Europe,Meylan France
Tartu Estonia,26.71,58.38,Europe,Tartu Estonia
Parker USA,-104.76,39.51,Americas,Parker USA
Armagh UK,-6.67,54.35,Europe,Armagh UK
Peabody USA,-70.97,42.53,Americas,Peabody USA
Limerick Ireland,-8.63,52.67,Europe,Limerick Ireland
Cottbus Germany,14.33,51.77,Europe,Cottbus Germany
Cirencester UK,-1.98,51.73,Europe,Cirencester UK
Thompson Canada,-97.86,55.74,Americas,Thompson Canada
Akita Japan,140.11,39.71,Asia,Akita Japan
Weesp Netherlands,5.02,52.32,Europe,Weesp Netherlands
Kingsport USA,-82.56,36.53,Americas,Kingsport USA
Didcot UK,-1.25,51.6,Europe,Didcot UK
Lymington UK,-1.55,50.75,Europe,Lymington UK
Stamford USA,-73.55,41.1,Americas,Stamford USA
Langen Germany,8.6,53.62,Europe,Langen Germany
Burke USA,-77.27,38.78,Americas,Burke USA
Kuopio Finland,27.7,62.9,Europe,Kuopio Finland
Panama Panama,-79.53,8.97,Americas,Panama Panama
Bytom Poland,18.91,50.35,Europe,Bytom Poland
Poway USA,-117.02,32.99,Americas,Poway USA
Cupertino USA,-122.05,37.31,Americas,Cupertino USA
Semarang Indonesia,110.42,-6.97,Asia,Semarang Indonesia
Messina Italy,15.55,38.19,Europe,Messina Italy
Largo USA,-82.78,27.91,Americas,Largo USA
Zanzibar Tanzania,39.2,-6.16,Africa,Zanzibar Tanzania
Geelong Australia,144.32,-38.14,Oceania,Geelong Australia
Wilhelmshaven Germany,8.11,53.54,Europe,Wilhelmshaven Germany
Smyrna USA,-84.52,33.87,Americas,Smyrna USA
Beverly USA,-70.84,42.56,Americas,Beverly USA
Mykolayiv Ukraine,23.98,49.51,Europe,Mykolayiv Ukraine
Daugavpils Latvia,26.51,55.88,Europe,Daugavpils Latvia
Chernivtsi Ukraine,25.93,48.3,Europe,Chernivtsi Ukraine
London Canada,-81.24,42.97,Americas,London Canada
Vitoria Brazil,-40.31,-20.31,Americas,Vitoria Brazil
Clarksville USA,-87.35,36.56,Americas,Clarksville USA
Peoria USA,-89.61,40.74,Americas,Peoria USA
Medan Indonesia,98.67,3.59,Asia,Medan Indonesia
Vancouver USA,-122.64,45.63,Americas,Vancouver USA
Joplin USA,-94.5,37.08,Americas,Joplin USA
Siena Italy,11.32,43.33,Europe,Siena Italy
Frankenburg Austria,13.49,48.07,Europe,Frankenburg Austria
Genoa Italy,8.93,44.42,Europe,Genoa Italy
Sevran France,2.52,48.93,Europe,Sevran France
Townsville Australia,146.78,-19.26,Oceania,Townsville Australia
Obninsk Russia,36.61,55.1,Europe,Obninsk Russia
Kahramanmaras Turkey,36.94,37.61,Asia,Kahramanmaras Turkey
Neryungri Russia,124.71,56.67,Europe,Neryungri Russia
Ostrov Russia,28.32,57.35,Europe,Ostrov Russia
Makhachkala Russia,47.5,42.98,Europe,Makhachkala Russia
Edina USA,-93.36,44.89,Americas,Edina USA
Manama Bahrain,50.58,26.21,Asia,Manama Bahrain
Kragujevac Serbia,20.92,44.02,Europe,Kragujevac Serbia
Beaverton USA,-122.82,45.48,Americas,Beaverton USA
Wiesbaden Germany,8.23,50.08,Europe,Wiesbaden Germany
Hertford UK,-0.09,51.8,Europe,Hertford UK
Seremban Malaysia,101.95,2.71,Asia,Seremban Malaysia
L'Aquila Italy,13.39,42.35,Europe,L'Aquila Italy
Kochkor-Ata Kyrgyzstan,72.35,41.08,Asia,Kochkor-Ata Kyrgyzstan
Pepinster Belgium,5.82,50.57,Europe,Pepinster Belgium
Newcastle-under-Lyme UK,-2.23,53.02,Europe,Newcastle-under-Lyme UK
Omaha USA,-96.01,41.26,Americas,Omaha USA
Brescia Italy,10.22,45.55,Europe,Brescia Italy
Lod Israel,34.9,31.96,Asia,Lod Israel
Richmond USA,-122.36,37.95,Americas,Richmond USA
Amesbury UK,-1.78,51.17,Europe,Amesbury UK
Linkoping Sweden,15.63,58.41,Europe,Linkoping Sweden
Gelsenkirchen Germany,7.11,51.51,Europe,Gelsenkirchen Germany
Amarillo USA,-101.82,35.2,Americas,Amarillo USA
Bordeaux France,-0.58,44.84,Europe,Bordeaux France
Ribeirao Brazil,-35.38,-8.5,Americas,Ribeirao Brazil
Brownsville USA,-97.48,25.93,Americas,Brownsville USA
Murray USA,-111.89,40.65,Americas,Murray USA
Gifu Japan,136.76,35.42,Asia,Gifu Japan
Lehrte Germany,9.97,52.38,Europe,Lehrte Germany
Laguna USA,-121.42,38.42,Americas,Laguna USA
Tempe USA,-111.93,33.39,Americas,Tempe USA
Quincy USA,-91.39,39.93,Americas,Quincy USA
Basingstoke UK,-1.11,51.27,Europe,Basingstoke UK
Kavala Greece,24.4,40.94,Europe,Kavala Greece
Kontich Belgium,4.45,51.13,Europe,Kontich Belgium
Horwich UK,-2.55,53.6,Europe,Horwich UK
Toyama Japan,137.22,36.7,Asia,Toyama Japan
Burnie Australia,145.89,-41.06,Oceania,Burnie Australia
Duluth USA,-92.12,46.78,Americas,Duluth USA
Aveiro Portugal,-8.66,40.65,Europe,Aveiro Portugal
Wurzburg Germany,9.94,49.8,Europe,Wurzburg Germany
Tucson USA,-110.89,32.2,Americas,Tucson USA
Kawasaki Japan,139.7,35.53,Asia,Kawasaki Japan
Zhytomyr Ukraine,28.67,50.25,Europe,Zhytomyr Ukraine
Voronezh Russia,39.26,51.72,Europe,Voronezh Russia
Winston-Salem USA,-80.26,36.1,Americas,Winston-Salem USA
Beverley UK,-0.42,53.83,Europe,Beverley UK
Champigny-sur-Marne France,2.51,48.82,Europe,Champigny-sur-Marne France
Eagan USA,-93.16,44.82,Americas,Eagan USA
Rivne Ukraine,26.25,50.62,Europe,Rivne Ukraine
Zabrze Poland,18.78,50.3,Europe,Zabrze Poland
Swansea UK,-3.96,51.63,Europe,Swansea UK
Ahar Iran,47.06,38.47,Asia,Ahar Iran
Wageningen Netherlands,5.67,51.98,Europe,Wageningen Netherlands
Oceanside USA,-117.31,33.23,Americas,Oceanside USA
Magnitogorsk Russia,58.97,53.42,Europe,Magnitogorsk Russia
Temirtau Kazakhstan,72.96,50.07,Asia,Temirtau Kazakhstan
Karaj Iran,50.97,35.8,Asia,Karaj Iran
Malang Indonesia,112.62,-7.98,Asia,Malang Indonesia
Colleferro Italy,12.98,41.74,Europe,Colleferro Italy
Pingtung Taiwan,120.48,22.68,Asia,Pingtung Taiwan
Bayreuth Germany,11.58,49.95,Europe,Bayreuth Germany
Leningradskaya Russia,39.39,46.31,Europe,Leningradskaya Russia
Ulan-Ude Russia,107.62,51.83,Europe,Ulan-Ude Russia
Bielsko-Biala Poland,19.05,49.82,Europe,Bielsko-Biala Poland
Natal Brazil,-35.22,-5.8,Americas,Natal Brazil
Nagano Japan,138.18,36.65,Asia,Nagano Japan
Vsevolozhsk Russia,30.68,60.02,Europe,Vsevolozhsk Russia
Syktyvkar Russia,50.81,61.67,Europe,Syktyvkar Russia
Vallejo USA,-122.26,38.11,Americas,Vallejo USA
Taylorsville USA,-111.94,40.66,Americas,Taylorsville USA
Kidderminster UK,-2.27,52.4,Europe,Kidderminster UK
Benalla Australia,145.97,-36.55,Oceania,Benalla Australia
Euless USA,-97.08,32.85,Americas,Euless USA
Navoiy Uzbekistan,65.35,40.11,Asia,Navoiy Uzbekistan
Petrozavodsk Russia,34.33,61.82,Europe,Petrozavodsk Russia
Omsk Russia,73.4,55,Europe,Omsk Russia
Dushanbe Tajikistan,68.78,38.57,Asia,Dushanbe Tajikistan
Wah Pakistan,72.75,33.77,Asia,Wah Pakistan
Vista USA,-117.24,33.19,Americas,Vista USA
Herne Germany,7.21,51.54,Europe,Herne Germany
Hamadan Iran,48.58,34.77,Asia,Hamadan Iran
Maizuru Japan,135.32,35.45,Asia,Maizuru Japan
Salzgitter Germany,10.33,52.17,Europe,Salzgitter Germany
Noordwijk Netherlands,4.43,52.25,Europe,Noordwijk Netherlands
Kuchl Austria,13.14,47.63,Europe,Kuchl Austria
Nuremberg Germany,11.05,49.45,Europe,Nuremberg Germany
Sparks USA,-119.74,39.54,Americas,Sparks USA
Rimini Italy,12.57,44.06,Europe,Rimini Italy
Kabul Afghanistan,69.17,34.53,Asia,Kabul Afghanistan
Turlock USA,-120.85,37.5,Americas,Turlock USA
Yogyakarta Indonesia,110.37,-7.78,Asia,Yogyakarta Indonesia
Tver Russia,35.89,56.86,Europe,Tver Russia
Geesthacht Germany,10.37,53.45,Europe,Geesthacht Germany
Burghausen Germany,12.83,48.17,Europe,Burghausen Germany
Godalming UK,-0.62,51.19,Europe,Godalming UK
Ilorin Nigeria,4.53,8.5,Africa,Ilorin Nigeria
Fredericton Canada,-66.66,45.96,Americas,Fredericton Canada
Chofu Japan,139.55,35.65,Asia,Chofu Japan
Saint-Etienne-du-Rouvray France,1.1,49.4,Europe,Saint-Etienne-du-Rouvray France
Bern Switzerland,7.44,46.95,Europe,Bern Switzerland
Konstanz Germany,9.17,47.68,Europe,Konstanz Germany
Arcadia USA,-118.04,34.13,Americas,Arcadia USA
Lorient France,-3.37,47.74,Europe,Lorient France
Cork Ireland,-8.47,51.9,Europe,Cork Ireland
Presov Slovakia,21.24,48.99,Europe,Presov Slovakia
Espoo Finland,24.66,60.21,Europe,Espoo Finland
Montevideo Uruguay,-56.17,-34.87,Americas,Montevideo Uruguay
Seaford UK,0.1,50.77,Europe,Seaford UK
Lakeland USA,-81.96,28.04,Americas,Lakeland USA
Oldenburg Germany,8.21,53.15,Europe,Oldenburg Germany
Yoshii Japan,138.98,36.25,Asia,Yoshii Japan
Wayne USA,-74.25,40.95,Americas,Wayne USA
Rosario Argentina,-60.67,-32.94,Americas,Rosario Argentina
Taylor USA,-83.27,42.23,Americas,Taylor USA
Covina USA,-117.88,34.09,Americas,Covina USA
Leominster UK,-2.73,52.23,Europe,Leominster UK
Rostov-na-Donu Russia,39.71,47.24,Europe,Rostov-na-Donu Russia
Meknes Morocco,-5.56,33.9,Africa,Meknes Morocco
Upland USA,-117.66,34.12,Americas,Upland USA
Widnes UK,-2.75,53.36,Europe,Widnes UK
Angarsk Russia,103.91,52.57,Europe,Angarsk Russia
Umea Sweden,20.24,63.83,Europe,Umea Sweden
Koszalin Poland,16.18,54.19,Europe,Koszalin Poland
Marietta USA,-84.54,33.95,Americas,Marietta USA
Xanthi Greece,24.88,41.14,Europe,Xanthi Greece
Himeji Japan,134.69,34.83,Asia,Himeji Japan
Trenton USA,-74.76,40.22,Americas,Trenton USA
Tyumen Russia,65.53,57.15,Europe,Tyumen Russia
Hempstead USA,-73.62,40.7,Americas,Hempstead USA
Batman Turkey,41.13,37.89,Asia,Batman Turkey
Orenburg Russia,55.1,51.78,Europe,Orenburg Russia
Belovo Russia,86.3,54.42,Europe,Belovo Russia
Rende Italy,16.18,39.34,Europe,Rende Italy
Mona Jamaica,-76.73,18,Americas,Mona Jamaica
Talence France,-0.57,44.82,Europe,Talence France
Peshawar Pakistan,71.54,34.01,Asia,Peshawar Pakistan
Lubeck Germany,10.66,53.87,Europe,Lubeck Germany
Saveh Iran,50.33,35.02,Asia,Saveh Iran
Villeurbanne France,4.88,45.77,Europe,Villeurbanne France
Ottobrunn Germany,11.67,48.07,Europe,Ottobrunn Germany
Borlange Sweden,15.44,60.49,Europe,Borlange Sweden
Kostroma Russia,40.93,57.77,Europe,Kostroma Russia
Trnava Slovakia,17.58,48.38,Europe,Trnava Slovakia
Langenhagen Germany,9.74,52.45,Europe,Langenhagen Germany
Thame UK,-0.98,51.75,Europe,Thame UK
Depok Indonesia,110.41,-7.75,Asia,Depok Indonesia
Vitrolles France,5.24,43.47,Europe,Vitrolles France
Chattanooga USA,-85.26,35.07,Americas,Chattanooga USA
Sabzevar Iran,57.63,36.22,Asia,Sabzevar Iran
Alesund Norway,6.2,62.48,Europe,Alesund Norway
Karlstad Sweden,13.51,59.38,Europe,Karlstad Sweden
Crowborough UK,0.15,51.05,Europe,Crowborough UK
Ivanovo Russia,40.99,57.01,Europe,Ivanovo Russia
Metz France,6.18,49.12,Europe,Metz France
Mission USA,-98.32,26.21,Americas,Mission USA
Norwich UK,1.28,52.65,Europe,Norwich UK
Novara Italy,8.62,45.45,Europe,Novara Italy
Olympia USA,-122.89,47.04,Americas,Olympia USA
Beaumont USA,-94.14,30.09,Americas,Beaumont USA
Evansville USA,-87.54,37.98,Americas,Evansville USA
Nice France,7.27,43.7,Europe,Nice France
Malaga Spain,-4.42,36.72,Europe,Malaga Spain
Burgos Spain,-3.69,42.35,Europe,Burgos Spain
Wismar Germany,11.46,53.9,Europe,Wismar Germany
Cheltenham UK,-2.09,51.9,Europe,Cheltenham UK
Blacksburg USA,-80.43,37.23,Americas,Blacksburg USA
Troitsk Russia,37.31,55.48,Europe,Troitsk Russia
Getxo Spain,-3,43.36,Europe,Getxo Spain
Itajuba Brazil,-45.45,-22.42,Americas,Itajuba Brazil
Montclair USA,-74.21,40.82,Americas,Montclair USA
Fortaleza Brazil,-38.59,-3.78,Americas,Fortaleza Brazil
Copenhagen Denmark,12.57,55.68,Europe,Copenhagen Denmark
Euclid USA,-81.52,41.59,Americas,Euclid USA
Pitesti Romania,24.87,44.86,Europe,Pitesti Romania
Khartoum Sudan,32.52,15.58,Africa,Khartoum Sudan
Paulista Brazil,-34.91,-7.9,Americas,Paulista Brazil
Capua Italy,14.2,41.13,Europe,Capua Italy
Matsue Japan,133.04,35.48,Asia,Matsue Japan
Van Turkey,43.4,38.49,Asia,Van Turkey
Sarnia Canada,-82.4,42.99,Americas,Sarnia Canada
Bibai Japan,141.86,43.33,Asia,Bibai Japan
Huwei Taiwan,120.39,23.72,Asia,Huwei Taiwan
Shimonoseki Japan,130.94,33.96,Asia,Shimonoseki Japan
Innsbruck Austria,11.41,47.28,Europe,Innsbruck Austria
Netanya Israel,34.86,32.33,Asia,Netanya Israel
Pskov Russia,28.33,57.83,Europe,Pskov Russia
Royston UK,-0.03,52.05,Europe,Royston UK
Grasse France,6.92,43.67,Europe,Grasse France
Morecambe UK,-2.86,54.08,Europe,Morecambe UK
Mol Belgium,5.1,51.18,Europe,Mol Belgium
Brasilia Brazil,-47.91,-15.78,Americas,Brasilia Brazil
Waterford Ireland,-7.13,52.26,Europe,Waterford Ireland
Ratingen Germany,6.85,51.3,Europe,Ratingen Germany
Flint USA,-83.69,43.02,Americas,Flint USA
Owerri Nigeria,7.02,5.5,Africa,Owerri Nigeria
Oakland USA,-122.22,37.77,Americas,Oakland USA
Okinawa Japan,127.79,26.34,Asia,Okinawa Japan
Compiegne France,2.82,49.41,Europe,Compiegne France
Valladolid Spain,-4.74,41.65,Europe,Valladolid Spain
Tikrit Iraq,43.68,34.61,Asia,Tikrit Iraq
Benghazi Libya,20.07,32.12,Africa,Benghazi Libya
Harare Zimbabwe,31.05,-17.82,Africa,Harare Zimbabwe
Antalya Turkey,30.71,36.89,Asia,Antalya Turkey
Griffith Australia,146.04,-34.29,Oceania,Griffith Australia
Murfreesboro USA,-86.39,35.85,Americas,Murfreesboro USA
Goteborg Sweden,12.01,57.72,Europe,Goteborg Sweden
Eskisehir Turkey,30.52,39.79,Asia,Eskisehir Turkey
Merignac France,-0.65,44.87,Europe,Merignac France
Germantown USA,-77.26,39.18,Americas,Germantown USA
Windsor Canada,-83.03,42.3,Americas,Windsor Canada
Carouge Switzerland,6.13,46.19,Europe,Carouge Switzerland
Wichita USA,-97.34,37.69,Americas,Wichita USA
Vernon France,1.47,49.1,Europe,Vernon France
Georgetown USA,-97.69,30.65,Americas,Georgetown USA
Hollywood USA,-80.16,26.03,Americas,Hollywood USA
Astrakhan Russia,48.05,46.35,Europe,Astrakhan Russia
Czestochowa Poland,19.13,50.81,Europe,Czestochowa Poland
Newbury UK,-1.33,51.4,Europe,Newbury UK
Walpole USA,-71.25,42.14,Americas,Walpole USA
Grigny France,2.39,48.65,Europe,Grigny France
Iringa Tanzania,35.69,-7.77,Africa,Iringa Tanzania
Kassel Germany,9.48,51.32,Europe,Kassel Germany
Vinci Italy,10.91,43.79,Europe,Vinci Italy
Stockton USA,-121.31,37.97,Americas,Stockton USA
Charlottetown Canada,-63.14,46.24,Americas,Charlottetown Canada
Freising Germany,11.73,48.41,Europe,Freising Germany
Tottori Japan,134.23,35.5,Asia,Tottori Japan
Saetre Norway,10.52,59.68,Europe,Saetre Norway
Midland USA,-84.23,43.62,Americas,Midland USA
Dezful Iran,48.47,32.38,Asia,Dezful Iran
Verona Italy,10.99,45.44,Europe,Verona Italy
Como Italy,9.08,45.81,Europe,Como Italy
Bariloche Argentina,-71.32,-41.14,Americas,Bariloche Argentina
Aosta Italy,7.31,45.75,Europe,Aosta Italy
Korneuburg Austria,16.35,48.35,Europe,Korneuburg Austria
Warwick UK,-1.59,52.29,Europe,Warwick UK
Greifswald Germany,13.39,54.09,Europe,Greifswald Germany
Bergamo Italy,9.67,45.7,Europe,Bergamo Italy
Omuta Japan,130.44,33.02,Asia,Omuta Japan
Ushuaia Argentina,-68.31,-54.79,Americas,Ushuaia Argentina
Enugu Nigeria,7.5,6.33,Africa,Enugu Nigeria
Malayer Iran,48.85,34.32,Asia,Malayer Iran
Kaluga Russia,36.27,54.54,Europe,Kaluga Russia
Salzburg Austria,13.04,47.81,Europe,Salzburg Austria
Nantwich UK,-2.52,53.07,Europe,Nantwich UK
Cernay France,7.17,47.81,Europe,Cernay France
Lappeenranta Finland,28.18,61.06,Europe,Lappeenranta Finland
Macclesfield UK,-2.15,53.27,Europe,Macclesfield UK
Freudenberg Germany,7.86,50.9,Europe,Freudenberg Germany
Lulea Sweden,22.16,65.6,Europe,Lulea Sweden
Campo Portugal,-7.91,40.7,Europe,Campo Portugal
Attock Pakistan,72.36,33.78,Asia,Attock Pakistan
Metallostroy Russia,30.58,59.8,Europe,Metallostroy Russia
Rimouski Canada,-68.54,48.44,Americas,Rimouski Canada
Nieuwegein Netherlands,5.08,52.03,Europe,Nieuwegein Netherlands
Caen France,-0.36,49.19,Europe,Caen France
Calabar Nigeria,8.31,4.96,Africa,Calabar Nigeria
Bielefeld Germany,8.53,52.03,Europe,Bielefeld Germany
Kaunas Lithuania,23.91,54.9,Europe,Kaunas Lithuania
Wetzlar Germany,8.5,50.56,Europe,Wetzlar Germany
Suceava Romania,26.26,47.64,Europe,Suceava Romania
Casablanca Morocco,-7.62,33.6,Africa,Casablanca Morocco
Niteroi Brazil,-43.13,-22.9,Americas,Niteroi Brazil
Szeged Hungary,20.16,46.26,Europe,Szeged Hungary
Miyazaki Japan,131.42,31.91,Asia,Miyazaki Japan
Kitami Japan,143.89,43.81,Asia,Kitami Japan
Uzhhorod Ukraine,22.3,48.62,Europe,Uzhhorod Ukraine
Constanta Romania,28.63,44.18,Europe,Constanta Romania
Shreveport USA,-93.8,32.47,Americas,Shreveport USA
Reims France,4.03,49.25,Europe,Reims France
Muramatsu Japan,139.16,37.66,Asia,Muramatsu Japan
Salaberry-de-Valleyfield Canada,-74.14,45.26,Americas,Salaberry-de-Valleyfield Canada
Findlay USA,-83.64,41.04,Americas,Findlay USA
Saint-Augustin Canada,-58.65,51.23,Americas,Saint-Augustin Canada
Qazvin Iran,50,36.27,Asia,Qazvin Iran
Cheboksary Russia,47.25,56.13,Europe,Cheboksary Russia
Ahvaz Iran,48.72,31.28,Asia,Ahvaz Iran
Gilbert USA,-111.76,33.33,Americas,Gilbert USA
Karlskrona Sweden,15.59,56.18,Europe,Karlskrona Sweden
Trabzon Turkey,39.71,41,Asia,Trabzon Turkey
Thornton USA,-104.96,39.89,Americas,Thornton USA
Hawthorne USA,-118.35,33.91,Americas,Hawthorne USA
Lomonosov Russia,29.75,59.91,Europe,Lomonosov Russia
Varna Bulgaria,27.9,43.21,Europe,Varna Bulgaria
Sibiu Romania,24.13,45.79,Europe,Sibiu Romania
Novorossiysk Russia,37.77,44.72,Europe,Novorossiysk Russia
Sulejowek Poland,21.27,52.25,Europe,Sulejowek Poland
Kurchatov Russia,35.65,51.59,Europe,Kurchatov Russia
Stanley UK,-1.71,54.87,Europe,Stanley UK
Nashua USA,-71.49,42.75,Americas,Nashua USA
Huancayo Peru,-75.21,-12.07,Americas,Huancayo Peru
Thiais France,2.38,48.76,Europe,Thiais France
Zanjan Iran,48.5,36.67,Asia,Zanjan Iran
Quezon Philippines,123.28,10.43,Asia,Quezon Philippines
Semey Kazakhstan,80.27,50.43,Asia,Semey Kazakhstan
Ostend Belgium,2.92,51.22,Europe,Ostend Belgium
Windisch Switzerland,8.23,47.47,Europe,Windisch Switzerland
Voorhout Netherlands,4.48,52.22,Europe,Voorhout Netherlands
Carson USA,-118.26,33.84,Americas,Carson USA
Palembang Indonesia,104.75,-2.99,Asia,Palembang Indonesia
Melbourne USA,-80.64,28.11,Americas,Melbourne USA
Cartagena Spain,-0.98,37.61,Europe,Cartagena Spain
Tachi Taiwan,121.28,24.88,Asia,Tachi Taiwan
Magurele Romania,26.03,45.1,Europe,Magurele Romania
Drammen Norway,10.2,59.75,Europe,Drammen Norway
Baia Romania,28.67,44.72,Europe,Baia Romania
Muscat Oman,58.54,23.61,Asia,Muscat Oman
Kirkuk Iraq,44.41,35.47,Asia,Kirkuk Iraq
Vladimir Russia,40.4,56.14,Europe,Vladimir Russia
Romsey UK,-1.5,50.98,Europe,Romsey UK
Asuncion Paraguay,-57.63,-25.3,Americas,Asuncion Paraguay
Salamanca Spain,-5.67,40.97,Europe,Salamanca Spain
Pittsfield USA,-73.26,42.45,Americas,Pittsfield USA
Manokwari Indonesia,134.08,-0.86,Asia,Manokwari Indonesia
Nykoping Sweden,17.02,58.76,Europe,Nykoping Sweden
Jos Nigeria,8.89,9.93,Africa,Jos Nigeria
Bristol USA,-72.94,41.68,Americas,Bristol USA
Ipoh Malaysia,101.07,4.6,Asia,Ipoh Malaysia
Ramsar Iran,50.67,36.9,Asia,Ramsar Iran
Chandler USA,-111.87,33.3,Americas,Chandler USA
Oshkosh USA,-88.55,44.02,Americas,Oshkosh USA
Abakan Russia,91.43,53.72,Europe,Abakan Russia
Oruro Bolivia,-67.12,-17.98,Americas,Oruro Bolivia
Rostov Russia,39.4,57.19,Europe,Rostov Russia
Troisdorf Germany,7.16,50.82,Europe,Troisdorf Germany
Fribourg Switzerland,7.14,46.81,Europe,Fribourg Switzerland
Pescara Italy,14.21,42.46,Europe,Pescara Italy
Nis Serbia,21.9,43.33,Europe,Nis Serbia
Bayonne USA,-74.11,40.66,Americas,Bayonne USA
Chesapeake USA,-76.31,36.68,Americas,Chesapeake USA
Angers France,-0.54,47.48,Europe,Angers France
Harima Japan,134.85,34.73,Asia,Harima Japan
Zvolen Slovakia,19.14,48.58,Europe,Zvolen Slovakia
Chungli Taiwan,121.22,24.96,Asia,Chungli Taiwan
Baranzate Italy,9.12,45.53,Europe,Baranzate Italy
Weymouth UK,-2.48,50.62,Europe,Weymouth UK
Guarapuava Brazil,-51.48,-25.38,Americas,Guarapuava Brazil
Asti Italy,8.21,44.92,Europe,Asti Italy
Bensheim Germany,8.62,49.68,Europe,Bensheim Germany
Faisalabad Pakistan,73.11,31.41,Asia,Faisalabad Pakistan
Corrientes Argentina,-58.81,-27.49,Americas,Corrientes Argentina
Belfort France,6.85,47.65,Europe,Belfort France
Suffolk USA,-76.64,36.7,Americas,Suffolk USA
Flagstaff USA,-111.62,35.19,Americas,Flagstaff USA
Tyler USA,-95.3,32.33,Americas,Tyler USA
Bor Serbia,22.1,44.13,Europe,Bor Serbia
Galway Ireland,-9.06,53.28,Europe,Galway Ireland
Soest Germany,8.11,51.57,Europe,Soest Germany
Nagasaki Japan,129.88,32.75,Asia,Nagasaki Japan
Celje Slovenia,15.27,46.24,Europe,Celje Slovenia
Leonding Austria,14.23,48.28,Europe,Leonding Austria
Bron France,4.91,45.74,Europe,Bron France
Garland USA,-96.63,32.91,Americas,Garland USA
Modena Italy,10.92,44.65,Europe,Modena Italy
Victoria Chile,-72.34,-38.24,Americas,Victoria Chile
Santos Brazil,-46.33,-23.95,Americas,Santos Brazil
Macon USA,-83.66,32.84,Americas,Macon USA
Nishihara Japan,127.76,26.23,Asia,Nishihara Japan
Tallahassee USA,-84.28,30.46,Americas,Tallahassee USA
Coleraine UK,-6.69,55.13,Europe,Coleraine UK
Erba Italy,9.22,45.82,Europe,Erba Italy
