Uncorrected Explosive,Corrected Explosive,No Practical Use?
1-[(2E)-3-(1H-TETRAZOL-5-YL)TRIAZ-2-EN-1-YLIDENE]METHANEDIAMINE,1-[(2e)-3-(1h-tetrazol-5-yl)triaz-2-en-1-ylidene]methanediamine,NA
1-AMINO-3-NITROGUANIDINE,1-Amino-3-Nitroguanidine (ANQ),NA
1-AMINO-3-NITROGUANIDINE (ANQ),1-Amino-3-Nitroguanidine (ANQ),NA
ANQ,1-Amino-3-Nitroguanidine (ANQ),NA
NITROAMINOGUANIDINE,1-Amino-3-Nitroguanidine (ANQ),NA
"1,1-DIAMINO-2,2-DINITROETHYLENE","1,1-Diamino-2,2-Dinitroethylene (FOX-7)",NA
"1,1-DIAMINO-2,2-DINITROETHYLENE (FOX-7)","1,1-Diamino-2,2-Dinitroethylene (FOX-7)",NA
DADNE,"1,1-Diamino-2,2-Dinitroethylene (FOX-7)",NA
FOX-7,"1,1-Diamino-2,2-Dinitroethylene (FOX-7)",NA
"1,3,3-TRINITROAZETIDINE","1,3,3-Trinitroazetidine (TNAZ)",NA
"1,3,3-TRINITROAZETIDINE (TNAZ)","1,3,3-Trinitroazetidine (TNAZ)",NA
TNAZ,"1,3,3-Trinitroazetidine (TNAZ)",NA
TRINITROAZETIDINE,"1,3,3-Trinitroazetidine (TNAZ)",NA
"1,3,5-TRIAMINO-2,4,6-TRINITROBENZENE","1,3,5-Triamino-2,4,6-Trinitrobenzene (TATB)",NA
"1,3,5-TRIAMINO-2,4,6-TRINITROBENZENE (TATB)","1,3,5-Triamino-2,4,6-Trinitrobenzene (TATB)",NA
TATB,"1,3,5-Triamino-2,4,6-Trinitrobenzene (TATB)",NA
"1,3,5-TRIAZIDO-2,4,6-TRINITROBENZENE","1,3,5-Triazido-2,4,6-Trinitrobenzene (TATNB)",NA
"1,3,5-TRIAZIDO-2,4,6-TRINITROBENZENE (TATNB)","1,3,5-Triazido-2,4,6-Trinitrobenzene (TATNB)",NA
TATNB,"1,3,5-Triazido-2,4,6-Trinitrobenzene (TATNB)",NA
TNTAZB,"1,3,5-Triazido-2,4,6-Trinitrobenzene (TATNB)",NA
TRIAZIDOTRINITROBENZENE,"1,3,5-Triazido-2,4,6-Trinitrobenzene (TATNB)",NA
TRIAZIDOTRINITROBENZOL,"1,3,5-Triazido-2,4,6-Trinitrobenzene (TATNB)",NA
TRINITROTRIAZIDOBENZENE,"1,3,5-Triazido-2,4,6-Trinitrobenzene (TATNB)",NA
"1,3,5-TRINITROBENZENE","1,3,5-Trinitrobenzene (TNB)",No Practical Use
"1,3,5-TRINITROBENZENE (TNB)","1,3,5-Trinitrobenzene (TNB)",No Practical Use
5-TNB,"1,3,5-Trinitrobenzene (TNB)",No Practical Use
TNB,"1,3,5-Trinitrobenzene (TNB)",No Practical Use
TRINITROBENZENE (TNB),"1,3,5-Trinitrobenzene (TNB)",No Practical Use
"2,3,4,6-TETRANITROANILINE","2,3,4,6-Tetranitroaniline",NA
"2,4-DINITRO-2,4-DIAZAHEXANE","2,4-Dinitro-2,4-Diazahexane",NA
"2,4-DINITRO-2,4-DIAZAPENTANE","2,4-Dinitro-2,4-Diazapentane",NA
"2,4-DINITROANILISOLE (DNAN)","2,4-Dinitroanisole (DNAN)",NA
"2,4-DINITROANISOLE (DNAN)","2,4-Dinitroanisole (DNAN)",NA
DINITROANISOLE,"2,4-Dinitroanisole (DNAN)",NA
DINITROANISOLE (DNAN),"2,4-Dinitroanisole (DNAN)",NA
"2 ,4-DINITRO TOLUENES","2,4-Dinitrotoluene (DNT)",NA
"2 ,4-DINITROTOLUENE","2,4-Dinitrotoluene (DNT)",NA
"2 ,4-DNT","2,4-Dinitrotoluene (DNT)",NA
2 4-DINITROTOLENE,"2,4-Dinitrotoluene (DNT)",NA
2 4-DINITROTOLUENE,"2,4-Dinitrotoluene (DNT)",NA
"2,4 DINITROTOLUENE","2,4-Dinitrotoluene (DNT)",NA
"2,4 DINITROTOULENE","2,4-Dinitrotoluene (DNT)",NA
"2,4-DINITRO TOLUENE (DNT)","2,4-Dinitrotoluene (DNT)",NA
"2,4-DINITROTOLUENE","2,4-Dinitrotoluene (DNT)",NA
"2,4-DINITROTOLUENE (DNT)","2,4-Dinitrotoluene (DNT)",NA
"2,4-DNT","2,4-Dinitrotoluene (DNT)",NA
"2,4,6-TRINITROCRESOL","2,4,6-Trinitrocresol",NA
TRINITROCRESOL,"2,4,6-Trinitrocresol",NA
"2 ,4 ,6 TRINITROTOLUENE","2,4,6-Trinitrotoluene (TNT)",NA
"2 ,4 ,6-TRINITROTOLUENE","2,4,6-Trinitrotoluene (TNT)",NA
2 4 6-TRINITROTOLUENE.,"2,4,6-Trinitrotoluene (TNT)",NA
"2,4,6 TRINITROTOLUENE","2,4,6-Trinitrotoluene (TNT)",NA
"2,4,6 TRINITROTOLUENE N 15","2,4,6-Trinitrotoluene (TNT)",NA
"2,4,6-TIRNITROTOLUENE","2,4,6-Trinitrotoluene (TNT)",NA
"2,4,6-TNT","2,4,6-Trinitrotoluene (TNT)",NA
"2,4,6-TRINITRENOTOLUENE","2,4,6-Trinitrotoluene (TNT)",NA
"2,4,6-TRINITROTOLUENE","2,4,6-Trinitrotoluene (TNT)",NA
"2,4,6-TRINITROTOLUENE (TNT)","2,4,6-Trinitrotoluene (TNT)",NA
"2,4,6-TRINITROTOULENE","2,4,6-Trinitrotoluene (TNT)",NA
2.4.6-TNT,"2,4,6-Trinitrotoluene (TNT)",NA
6-TRINITROTOLUENE (TNT),"2,4,6-Trinitrotoluene (TNT)",NA
EXPLOSIVES. TNT,"2,4,6-Trinitrotoluene (TNT)",NA
RAW TNT,"2,4,6-Trinitrotoluene (TNT)",NA
TNT,"2,4,6-Trinitrotoluene (TNT)",NA
"TNT (2 ,4 ,6TRINITROTOLUENE)","2,4,6-Trinitrotoluene (TNT)",NA
"TNT (2,4,6-TRINITROTOLUENE)","2,4,6-Trinitrotoluene (TNT)",NA
TNT COMPOUNDS,"2,4,6-Trinitrotoluene (TNT)",NA
TNT VAPOR,"2,4,6-Trinitrotoluene (TNT)",NA
TRINITROTOLUENE,"2,4,6-Trinitrotoluene (TNT)",NA
TRINITROTOLUENE (TNT),"2,4,6-Trinitrotoluene (TNT)",NA
TRINITROTOLUENES,"2,4,6-Trinitrotoluene (TNT)",NA
"2,4,6-TRINITROXYLENE","2,4,6-Trinitroxylene (TNX)",NA
"2,4,6-TRINITROXYLENE (TNX)","2,4,6-Trinitroxylene (TNX)",NA
TRINITROXYLENE,"2,4,6-Trinitroxylene (TNX)",NA
"2,4,6,2',4',6'-HEXANITROBIPHENYL","2,4,6,2',4',6'-Hexanitrobiphenyl",NA
HEXANITROBIPHENYL,"2,4,6,2',4',6'-Hexanitrobiphenyl",NA
"2,4,6,2',4',6'-HEXANITRODIPHENYL OXIDE","2,4,6,2',4',6'-Hexanitrodiphenyl Oxide",NA
HEXANITRODIPHENYL OXIDE,"2,4,6,2',4',6'-Hexanitrodiphenyl Oxide",NA
"2,4,6,2',4',6'-HEXANITRODIPHENYLAMINE","2,4,6,2',4',6'-Hexanitrodiphenylamine",NA
HEXANITRODIPHENYLAMINE,"2,4,6,2',4',6'-Hexanitrodiphenylamine",NA
"2,4,6,2',4',6'-HEXANITRODIPHENYLSULFIDE","2,4,6,2',4',6'-Hexanitrodiphenylsulfide",NA
HEXANITRODIPHENYLSULFIDE,"2,4,6,2',4',6'-Hexanitrodiphenylsulfide",NA
"2,4,6,2',4',6'-HEXANITRODIPHENYLSULFONE","2,4,6,2',4',6'-Hexanitrodiphenylsulfone",NA
HEXANITRODIPHENYLSULFONE,"2,4,6,2',4',6'-Hexanitrodiphenylsulfone",NA
"2,6-DIAMINO-3,5-DINITROPYRAZINE-1-OXIDE","2,6-Diamino-3,5-Dinitropyrazine-1-Oxide (LLM-105)",NA
"2,6-DIAMINO-3,5-DINITROPYRAZINE-1-OXIDE (LLM-105)","2,6-Diamino-3,5-Dinitropyrazine-1-Oxide (LLM-105)",NA
LLM-105,"2,6-Diamino-3,5-Dinitropyrazine-1-Oxide (LLM-105)",NA
"3_NITRO_1,2,4_TRIAZOL_3_ONE","3-Nitro-1,2,4-Triazol-5-One (NTO)",NA
"3_NITRO_1,2,4_TRIAZOLIN_5_ONE (NTO)","3-Nitro-1,2,4-Triazol-5-One (NTO)",NA
"3-NITRO-1,2,4-TRIAZOL-5-ONE","3-Nitro-1,2,4-Triazol-5-One (NTO)",NA
"3-NITRO-1,2,4-TRIAZOL-5-ONE (NTO)","3-Nitro-1,2,4-Triazol-5-One (NTO)",NA
"5-NITRO-2,4-DIHYDRO-3H-1,2,4-TRIAZOL-3-ONE","3-Nitro-1,2,4-Triazol-5-One (NTO)",NA
NTO,"3-Nitro-1,2,4-Triazol-5-One (NTO)",NA
"3,5-DINITRO-3,5-DIAZAHEPTANE","3,5-Dinitro-3,5-Diazaheptane",NA
"4,10-DINITRO-2,6,8,12-TETRAOXA-4,10-DIAZATETRACYCLO[5.5.0.05,903,11]-DODECANE","4,10-Dinitro-2,6,8,12-Tetraoxa-4,10-Diazawurtzitane (TEX)",NA
"4,10-DINITRO-2,6,8,12-TETRAOXA-4,10-DIAZAWURTZITANE","4,10-Dinitro-2,6,8,12-Tetraoxa-4,10-Diazawurtzitane (TEX)",NA
"4,10-DINITRO-2,6,8,12-TETRAOXA-4,10-DIAZAWURTZITANE (TEX)","4,10-Dinitro-2,6,8,12-Tetraoxa-4,10-Diazawurtzitane (TEX)",NA
TEX,"4,10-Dinitro-2,6,8,12-Tetraoxa-4,10-Diazawurtzitane (TEX)",NA
"4,6-DINITROBENZOFUROXAN","4,6-Dinitrobenzofuroxan (DNBF)",NA
"4,6-DINITROBENZOFUROXAN (DNBF)","4,6-Dinitrobenzofuroxan (DNBF)",NA
"4,6-DNBF","4,6-Dinitrobenzofuroxan (DNBF)",NA
DINITROBENZOFUROXAN,"4,6-Dinitrobenzofuroxan (DNBF)",NA
"5,5_-BISTETRAZOLE-1,1_-DIOLATE","5,5-Bistetrazole-1,1-Diolate (TKX-50)",NA
"5,5_-BISTETRAZOLE-1,1_-DIOLATE (TKX-50)","5,5-Bistetrazole-1,1-Diolate (TKX-50)",NA
"BISHYDROXYLAMMONIUM-5,5_-BIS(TETRAZOLATE-1N-OXIDE)","5,5-Bistetrazole-1,1-Diolate (TKX-50)",NA
TKX 50,"5,5-Bistetrazole-1,1-Diolate (TKX-50)",NA
TKX-50,"5,5-Bistetrazole-1,1-Diolate (TKX-50)",NA
TKX50,"5,5-Bistetrazole-1,1-Diolate (TKX-50)",NA
AMATEX,Amatex,NA
AMATOL,Amatol,NA
AMMONAL,Ammonal,NA
AMMONALS,Ammonal,NA
AMMONIUM AZIDE,Ammonium Azide,No Practical Use
AMMONIUM CHLORIDE,Ammonium Chloride,NA
AMMONIUM DICHROMATE,Ammonium Dichromate,NA
AMMONIUM DINITRAMIDE,Ammonium Dinitramide (ADN),NA
AMMONIUM DINITRAMIDE (ADN),Ammonium Dinitramide (ADN),NA
AMMONIUM NITRATE,Ammonium Nitrate (AN),NA
AMMONIUM NITRATE (AN),Ammonium Nitrate (AN),NA
AMMONIUM NITRATE AND POTASSIUM CHLORIDE,Ammonium Nitrate (AN),NA
AMMONIUM NITRATE AND SODIUM SULFATE,Ammonium Nitrate (AN),NA
AMMONIUM NITRATE EXPLOSIVES,Ammonium Nitrate (AN),NA
AMMONIUM NITRATE MIXTURES,Ammonium Nitrate (AN),NA
AMMONIUM NITRATES,Ammonium Nitrate (AN),NA
AN (AMMONIUM NITRATE),Ammonium Nitrate (AN),NA
AMMONIUM PERCHLORATE,Ammonium Perchlorate,NA
AMMONIUM PRECHLORATE (AP),Ammonium Perchlorate,NA
AMMONIUM PICRATE,Ammonium Picrate,NA
"AMMONIUM-2,4,6-TRINITROPHENOLATE",Ammonium Picrate,NA
ASTROLITE,Astrolite,NA
BARATOL,Baratol,NA
BARIUM CHLORATE,Barium Chlorate,NA
BARIUM NITRATE,Barium Nitrate,NA
BARIUM PERCHLORATE,Barium Perchlorate,NA
BENZOYL PEROXIDE,Benzoyl Peroxide,NA
BI-TRINITROETHYLNITRAMINE,Bi-trinitroethylnitramine,NA
BI-TRINITROETHYLUREA,Bi-trinitroethylurea,NA
BDNPA,"Bis(2,2-dinitropropyl)Acetal (BDNPA)",NA
"BIS(2,2-DINITROPROPYL)ACETAL","Bis(2,2-dinitropropyl)Acetal (BDNPA)",NA
"Bis(2,2-dinitropropyl)Acetal (BDNPA)","Bis(2,2-dinitropropyl)Acetal (BDNPA)",NA
"BIS(2,2-DINITROPROPYL)ACETAL (BDNPA)","Bis(2,2-dinitropropyl)Acetal (BDNPA)",NA
BDNPF,"Bis(2,2-dinitropropyl)Formal (BDNPF)",NA
"BIS(2,2-DINITROPROPYL)FORMAL","Bis(2,2-dinitropropyl)Formal (BDNPF)",NA
"BIS(2,2-DINITROPROPYL)FORMAL (BDNPF)","Bis(2,2-dinitropropyl)Formal (BDNPF)",NA
BIS(NITRAMINO)TRIAZINONE,Bis(nitramino)triazinone,NA
BLACK POWDER,Black Powder,NA
BLASTING GELATIN,Blasting Gelatin,NA
BTTN,Butanetriol Trinitrate (BTTN),NA
BUTANETRIOL TRINITRATE,Butanetriol Trinitrate (BTTN),NA
BUTANETRIOL TRINITRATE (BTTN),Butanetriol Trinitrate (BTTN),NA
CALCIUM NITRATE,Calcium Nitrate,NA
CALCIUM POTASSIUM STYPHNATE,Calcium Potassium Styphnate,NA
CAMPHOR,Camphor,NA
COMP A,Composition A,NA
COMP.A,Composition A,NA
COMPOSITION A ,Composition A,NA
COMP B,Composition B,NA
COMP.B,Composition B,NA
COMPOSITION B ,Composition B,NA
HEXOLITE,Composition B,NA
HEXOTOL,Composition B,NA
COMP C,Composition C,NA
COMP.C,Composition C,NA
COMPOSITION C ,Composition C,NA
COMPOSITION I ,Composition I,NA
COMPOSITION II ,Composition II,NA
COPPER (I) 5-NITROTETRAZOLATE,Copper (I) 5-Nitrotetrazolate (DBX-1),NA
COPPER (I) 5-NITROTETRAZOLATE (DBX-1),Copper (I) 5-Nitrotetrazolate (DBX-1),NA
DBX-1,Copper (I) 5-Nitrotetrazolate (DBX-1),NA
CORDITE,Cordite,NA
CYANURIC TRIAZIDE,Cyanuric Triazide,NA
?-HMX (?-CYCLOTETRAMETHYLENE TETRANITRAMINE),Cyclotetramethylene-Tetranitramine (HMX),NA
"1,3,5,7-TETRANITRO-1,3,5,7-TETRAZOCINE",Cyclotetramethylene-Tetranitramine (HMX),NA
CYCLOTETRAMETHYLENE TETRAMINE,Cyclotetramethylene-Tetranitramine (HMX),NA
CYCLOTETRAMETHYLENE TETRANITRAMINE,Cyclotetramethylene-Tetranitramine (HMX),NA
CYCLOTETRAMETHYLENE TETRANITRAMINE (HMX),Cyclotetramethylene-Tetranitramine (HMX),NA
CYCLOTETRAMETHYLENE-TETRANITRAMINE (HMX),Cyclotetramethylene-Tetranitramine (HMX),NA
CYCLOTETRAMETHYLENETETRANITRAMINE,Cyclotetramethylene-Tetranitramine (HMX),NA
HMX,Cyclotetramethylene-Tetranitramine (HMX),NA
OCTOGEN,Cyclotetramethylene-Tetranitramine (HMX),NA
CYCLOTRIMETHYLENE TRINITROSAMINE,Cyclotrimethylene Trinitrosamine (R-Salt),NA
"1,3,5 TRINITRO 1,3,5 TRIAZINANE",Cyclotrimethylene-Trinitramine (RDX),NA
"1,3,5 TRINITROSO 1,3,5 TRIAZINANE",Cyclotrimethylene-Trinitramine (RDX),NA
"1,3,5-TRINITRO-1,3,5-TRIAZINE (RDX)",Cyclotrimethylene-Trinitramine (RDX),NA
"1,3,5-TRINITRO-1,3,5-TRIAZOCYCLOHEXANE (RDX)",Cyclotrimethylene-Trinitramine (RDX),NA
"3,5_TRINITROPERHYDRO_1,3,5_TRIAZINE (RDX)",Cyclotrimethylene-Trinitramine (RDX),NA
A1. RDX,Cyclotrimethylene-Trinitramine (RDX),NA
CYCLONITE,Cyclotrimethylene-Trinitramine (RDX),NA
CYCLOTRIMETHYLENE TRINITRAMINE,Cyclotrimethylene-Trinitramine (RDX),NA
CYCLOTRIMETHYLENE TRINITRAMINE (RDX),Cyclotrimethylene-Trinitramine (RDX),NA
CYCLOTRIMETHYLENE-TRINITRAMINE,Cyclotrimethylene-Trinitramine (RDX),NA
CYCLOTRIMETHYLENE-TRINITRAMINE (RDX),Cyclotrimethylene-Trinitramine (RDX),NA
CYCLOTRIMETHYLENENITRAMINE,Cyclotrimethylene-Trinitramine (RDX),NA
CYCLOTRIMETHYLENETRINITRAMINE,Cyclotrimethylene-Trinitramine (RDX),NA
CYCLOTRIMETHYLENETRINITRAMINE (RDX),Cyclotrimethylene-Trinitramine (RDX),NA
"HEXAHYDRO 1,3,5 TRINITROSO 1,3,5 TRIAZINE",Cyclotrimethylene-Trinitramine (RDX),NA
"HEXAHYDRO-1 ,3 ,5-TRINITRO-1 ,3 ,5 TRIAZINES",Cyclotrimethylene-Trinitramine (RDX),NA
"HEXAHYDRO-1 ,3 ,5-TRINITRO-1 ,3 ,5-TRIAZINE",Cyclotrimethylene-Trinitramine (RDX),NA
"HEXAHYDRO-1,3,5-TRINITRO-1,3,5-TRIAZINE",Cyclotrimethylene-Trinitramine (RDX),NA
"HEXAHYDRO-1,3,5-TRINITRO-1,3,5-TRIAZINE (RDX)",Cyclotrimethylene-Trinitramine (RDX),NA
HEXOGEN,Cyclotrimethylene-Trinitramine (RDX),NA
HEXOGEN (RDX),Cyclotrimethylene-Trinitramine (RDX),NA
RDX,Cyclotrimethylene-Trinitramine (RDX),NA
"RDX (1,3,5-TRINITRO-1,3,5-TRIAZINE)",Cyclotrimethylene-Trinitramine (RDX),NA
RDX (CYCLOTRIMETHYLENE TRINITRAMINE),Cyclotrimethylene-Trinitramine (RDX),NA
"RDX (HEXAHYDRO-1 ,3 ,5-TRINITRO-1 ,3 ,5-TRIAZINE)",Cyclotrimethylene-Trinitramine (RDX),NA
RDX CRYSTAL,Cyclotrimethylene-Trinitramine (RDX),NA
RDX POWDERS,Cyclotrimethylene-Trinitramine (RDX),NA
"RECRYSTALLIZED CYCLO-1,3,5-TRIMETHYLENE-2,4,6-TRINITRAMINE (RDX) POWDER",Cyclotrimethylene-Trinitramine (RDX),NA
DIAMYL PHTHALATE,Diamyl Phthalate,NA
DDNP,Diazodinitrophenol (DDNP),NA
DIAZODINITROPHENOL,Diazodinitrophenol (DDNP),NA
DIAZODINITROPHENOL (DDNP),Diazodinitrophenol (DDNP),NA
DIBUTYL PHTHALATE,Dibutyl Phthalate,NA
DEGDN,Diethyleneglycol Dinitrate (DEGDN),NA
DIETHYLENEGLYCOL DINITRATE,Diethyleneglycol Dinitrate (DEGDN),NA
DIETHYLENEGLYCOL DINITRATE (DEGDN),Diethyleneglycol Dinitrate (DEGDN),NA
DIGLYCEROL TETRANITRATE,Diglycerol Tetranitrate,NA
"DIHYDROXYLAMMONIUM-3,3'-DINITRO-5,5'-BIS(1,2,4-TRIAZOLE)-1,1'-DIOLATE","Dihydroxylammonium-3,3'-Dinitro-5,5'-Bis(1,2,4-Triazole)-1,1'-Diolate (MAD-X1)",NA
"1,3-DINITROBENZENE",Dinitrobenzene (DNB),NA
DINITROBENZENE,Dinitrobenzene (DNB),NA
DINITROBENZENE (DNB),Dinitrobenzene (DNB),NA
METADINITROBENZENE,Dinitrobenzene (DNB),NA
DINITRODIAZAHEPTANE,Dinitrodiazaheptane,NA
DINITRODIAZAHEXANE,Dinitrodiazahexane,NA
Dinitrodiazapentane,Dinitrodiazapentane,NA
DINITRODIAZAPENTANE,Dinitrodiazapentane,NA
DINITRODIMETHYLOXAMIDE,Dinitrodimethyloxamide,NA
DINITRODIOXYETHYLOXAMIDE DINITRATE,Dinitrodioxyethyloxamide Dinitrate,NA
DINGU,Dinitroglycolurile (DINGU),NA
DINITROGLYCOLURILE,Dinitroglycolurile (DINGU),NA
DINITROGLYCOLURILE (DINGU),Dinitroglycolurile (DINGU),NA
DINITROORTHOCRESOL,Dinitroorthocresol,NA
DINITROPHENOXYETHYLNITRATE,Dinitrophenoxyethylnitrate,NA
DINITROPHENYLHYDRAZINE,Dinitrophenylhydrazine (DPNH),NA
DINITROPHENYLHYDRAZINE (DPNH),Dinitrophenylhydrazine (DPNH),NA
DPNH,Dinitrophenylhydrazine (DPNH),NA
DINITROSOBENZENE,Dinitrosobenzene,NA
DINITROTOLUENE,Dinitrotoluene (DNT),NA
DINITROTOLUENE (DNT),Dinitrotoluene (DNT),NA
DINITROTOLUENES,Dinitrotoluene (DNT),NA
DNT,Dinitrotoluene (DNT),NA
DINA,Dioxyethylnitramine Dinitrate (DINA),NA
DIOXYETHYLNITRAMINE DINITRATE,Dioxyethylnitramine Dinitrate (DINA),NA
DIOXYETHYLNITRAMINE DINITRATE (DINA),Dioxyethylnitramine Dinitrate (DINA),NA
DIPENTAERYTHRITOL HEXANITRATE,Dipentaerythritol Hexanitrate,NA
DYNAMITE,Dynamite,NA
GELATIN DYNAMITE,Dynamite,NA
EDNATOL,Ednatol,NA
ERYTHRITOL TETRANITRATE,Erythritol Tetranitrate (ETN),NA
ERYTHRITOL TETRANITRATE (ETN),Erythritol Tetranitrate (ETN),NA
ETN,Erythritol Tetranitrate (ETN),NA
ETHRIOL TRINITRATE,Ethriol Trinitrate,NA
ETHYL NITRATE,Ethyl Nitrate,NA
ETHYL PICRATE,Ethyl Picrate,NA
EDGN,Ethylene Glycol Dinitrate (EGDN),NA
EGDN,Ethylene Glycol Dinitrate (EGDN),NA
ETHYLENE GLYCOL DINITRATE,Ethylene Glycol Dinitrate (EGDN),NA
ETHYLENE GLYCOL DINITRATE (EGDN),Ethylene Glycol Dinitrate (EGDN),NA
ETHYLENEGLYCOL DINITRATE (EGDN),Ethylene Glycol Dinitrate (EGDN),NA
NITROGLYCOL,Ethylene Glycol Dinitrate (EGDN),NA
ETHYLENEDIAMINE DINITRATE,Ethylenediamine Dinitrate,NA
ETHYLENEDINITRAMINE,Ethylenedinitramine,NA
ETHYLTETRYL,Ethyltetryl,NA
GELIGNITE,Gelignite,NA
GELIGNITES,Gelignite,NA
GLYCEROL ACETATE DINITRATE,Glycerol Acetate Dinitrate,NA
GLYCEROL DINITRATE,Glycerol Dinitrate,NA
GLYCEROL NITROLACTATE DINITRATE,Glycerol Nitrolactate Dinitrate,NA
GLYCEROL TRINITROPHENYL ETHER DINITRATE,Glycerol Trinitrophenyl Ether Dinitrate,NA
"GLYCEROL-2,4-DINITROPHENYL ETHER DINITRATE","Glycerol-2,4-Dinitrophenyl Ether Dinitrate",NA
GLYCIDYL AZIDE POLYMER,Glycidyl Azide Polymer,NA
GSX,GSX,NA
GUANIDINE NITRATE,Guanidine Nitrate,NA
Guanidine Perchlorate,Guanidine Perchlorate,NA
GUANIDINE PERCHLORATE,Guanidine Perchlorate,NA
Guanidine Picrate,Guanidine Picrate,NA
GUANIDINE PICRATE,Guanidine Picrate,NA
FOX-12,Guanylureadinitramide (FOX-12),NA
GUANYLUREADINITRAMIDE,Guanylureadinitramide (FOX-12),NA
GUANYLUREADINITRAMIDE (FOX-12),Guanylureadinitramide (FOX-12),NA
GUN POWDER,Gun Powder,NA
HBX,HBX,NA
HEPTRYL,Heptryl,NA
HEXAL,Hexal,NA
HEXA-METHYLENE TRIPEROXIDE DIAMINE (HMTD),Hexamethylene Triperoxide Diamine (HMTD),No Practical Use
HEXAMETHYLENE TRIPEROXIDE DIAMINE,Hexamethylene Triperoxide Diamine (HMTD),No Practical Use
HEXAMETHYLENE TRIPEROXIDE DIAMINE (HMTD),Hexamethylene Triperoxide Diamine (HMTD),No Practical Use
HMTD,Hexamethylene Triperoxide Diamine (HMTD),No Practical Use
HEXAMETHYLENETETRAMINE DINITRATE,Hexamethylenetetramine Dinitrate,NA
HEXANITROAZOBENZENE,Hexanitroazobenzene,NA
HEXANITRODIPHENYLAMINOETHYL NITRATE,Hexanitrodiphenylaminoethyl Nitrate,NA
HEXANITRODIPHENYLGLYCEROL MONONITRATE,Hexanitrodiphenylglycerol Mononitrate,NA
HEXANITROETHANE,Hexanitroethane,No Practical Use
_-CL-20,Hexanitrohexaazaisowurtzitane (CL-20),NA
CL-20,Hexanitrohexaazaisowurtzitane (CL-20),NA
CL-20 BASED EXPLOSIVE INK,Hexanitrohexaazaisowurtzitane (CL-20),NA
CL-20/HMX CO-CRYSTAL,Hexanitrohexaazaisowurtzitane (CL-20),NA
CL-20/NTO COCRYSTAL EXPLOSIVE,Hexanitrohexaazaisowurtzitane (CL-20),NA
CL-20/RDX-CMDB PROPELLANT,Hexanitrohexaazaisowurtzitane (CL-20),NA
CL20,Hexanitrohexaazaisowurtzitane (CL-20),NA
HEXAAZAISOWURTZITANE (CL-20),Hexanitrohexaazaisowurtzitane (CL-20),NA
HEXANITROHEXAAZAISOWURTZITANE,Hexanitrohexaazaisowurtzitane (CL-20),NA
HEXANITROHEXAAZAISOWURTZITANE (CL-20),Hexanitrohexaazaisowurtzitane (CL-20),NA
"HEXANITROHEXAAZAISOWURTZITANE/2,4,6-TRINITROTOLUENE (CL-20/TNT) COCRYSTAL EXPLOSIVE",Hexanitrohexaazaisowurtzitane (CL-20),NA
NANO-CL-20,Hexanitrohexaazaisowurtzitane (CL-20),NA
HEXANITROOXANILIDE,Hexanitrooxanilide,NA
"2,2',4,4',6,6'-HEXANITROSTILBENE",Hexanitrostilbene (HNS),NA
HEXANITROSTILBENE,Hexanitrostilbene (HNS),NA
HEXANITROSTILBENE (HNS),Hexanitrostilbene (HNS),NA
HNS,Hexanitrostilbene (HNS),NA
JD-X,Hexanitrostilbene (HNS),NA
HYDRAZINE NITRATE,Hydrazine Nitrate,NA
HYDRAZINE PERCHLORATE,Hydrazine Perchlorate,NA
ISOSORBITOL DINITRATE,Isosorbitol Dinitrate,NA
JA2,JA2,NA
LEAD AZIDE,Lead Azide,NA
LEAD CHROMATE,Lead Chromate,NA
LEAD DIOXIDE,Lead Dioxide,NA
LEAD NITRATE,Lead Nitrate,NA
LEAD PICRATE,Lead Picrate,NA
LEAD STYPHNATE,Lead Styphnate,NA
LITHIUM NITRATE,Lithium Nitrate,NA
LITHIUM PERCHLORATE,Lithium Perchlorate,NA
MANNITOL HEXANITRATE,Mannitol Hexanitrate (MHN),NA
MANNITOL HEXANITRATE (MHN),Mannitol Hexanitrate (MHN),NA
MHN,Mannitol Hexanitrate (MHN),NA
Mercury Fulminate,Mercury Fulminate,NA
MERCURY FULMINATE,Mercury Fulminate,NA
MEKP,Methyl Ethyl Ketone Peroxide (MEKP),NA
METHYL ETHYL KETONE PEROXIDE,Methyl Ethyl Ketone Peroxide (MEKP),NA
Methyl Ethyl Ketone Peroxide (MEKP),Methyl Ethyl Ketone Peroxide (MEKP),NA
METHYL ETHYL KETONE PEROXIDE (MEKP),Methyl Ethyl Ketone Peroxide (MEKP),NA
Methyl Nitrate,Methyl Nitrate,NA
METHYL NITRATE,Methyl Nitrate,NA
Methylamine Nitrate,Methylamine Nitrate,NA
METHYLAMINE NITRATE,Methylamine Nitrate,NA
MINEX,Minex,NA
MINOL,Minol,NA
N-BUTYL-N-(2-NITROXYBUTYL)NITRAMINE,N-Butyl-N-(2-Nitroxybutyl)Nitramine (BuNENA),NA
N-ETHYL-N-(2-NITROXYETHYL)NITRAMINE,N-Ethyl-N-(2-Nitroxyethyl)Nitramine (EtNENA),NA
MENENA,N-Methyl-N-(2-Nitroxyethyl)Nitramine (MeNENA),NA
N-METHYL-N-(2-NITROXYETHYL)NITRAMINE,N-Methyl-N-(2-Nitroxyethyl)Nitramine (MeNENA),NA
N-METHYL-N-(2-NITROXYETHYL)NITRAMINE (MENENA),N-Methyl-N-(2-Nitroxyethyl)Nitramine (MeNENA),NA
NITROCARBONITRATE,Nitrocarbonitrate,NA
NC,Nitrocellulose (NC),NA
NITROCELLULOSE,Nitrocellulose (NC),NA
NITROCELLULOSE (NC),Nitrocellulose (NC),NA
NITROETHANE,Nitroethane,NA
NITROETHYLPROPANEDIOL DINITRATE,Nitroethylpropanediol Dinitrate,NA
GLYCEROL TRINITRATE,Nitroglycerin (NG),NA
NG,Nitroglycerin (NG),NA
NITROGLYCERIN,Nitroglycerin (NG),NA
NITROGLYCERIN (NG),Nitroglycerin (NG),NA
NITROGLYCERINE,Nitroglycerin (NG),NA
NITROGLYCERINE,Nitroglycerin (NG),NA
1-NITROGUANIDINE (NQ),Nitroguanidine (NQ),NA
Nitroguanidine (NQ),Nitroguanidine (NQ),NA
NITROGUANIDINE (NQ),Nitroguanidine (NQ),NA
NIBTN,Nitroisobutylglycerol Trinitrate (NIBTN),No Practical Use
NITROISOBUTAMETRIOL TRINITRATE,Nitroisobutylglycerol Trinitrate (NIBTN),No Practical Use
NITROISOBUTYLGLYCEROL TRINITRATE,Nitroisobutylglycerol Trinitrate (NIBTN),No Practical Use
Nitroisobutylglycerol Trinitrate (NIBTN),Nitroisobutylglycerol Trinitrate (NIBTN),No Practical Use
NITROISOBUTYLGLYCEROL TRINITRATE (NIBTN),Nitroisobutylglycerol Trinitrate (NIBTN),No Practical Use
TRIMETHYLOL NITROMETHANE TRINITRATE,Nitroisobutylglycerol Trinitrate (NIBTN),No Practical Use
NITROMETHANE,Nitromethane (NM),NA
NITROMETHANE (NM),Nitromethane (NM),NA
NITROMETHYLPROPANEDIOL DINITRATE,Nitromethylpropanediol Dinitrate,NA
NITROSTARCH,Nitrostarch,NA
4-NITROTOLUENE,Nitrotoluene (NT),NA
MONONITROTOLUENE,Nitrotoluene (NT),NA
MONONITROTOLUENES,Nitrotoluene (NT),NA
NITROTOLUENE,Nitrotoluene (NT),NA
NITROTOLUENE (NT),Nitrotoluene (NT),NA
NT,Nitrotoluene (NT),NA
NITROUREA,Nitrourea,NA
OCTANITROCUBANE,Octanitrocubane,NA
OCTOL,Octol,NA
PENTAERITHRITOL TETRANITRATE,Pentaerythritol Tetranitrate (PETN),NA
PENTAERITRITOL TETRANITRATE,Pentaerythritol Tetranitrate (PETN),NA
PENTAERYTHRITE TETRANITRATE,Pentaerythritol Tetranitrate (PETN),NA
PENTAERYTHRITE TETRANITRATE (PETN),Pentaerythritol Tetranitrate (PETN),NA
PENTAERYTHRITOL TETRANITRATE,Pentaerythritol Tetranitrate (PETN),NA
PENTAERYTHRITOL TETRANITRATE (PETN),Pentaerythritol Tetranitrate (PETN),NA
PENTAERYTHRITOLTETRANITRATE,Pentaerythritol Tetranitrate (PETN),NA
PENTAERYTHRITYL TETRANITRATE,Pentaerythritol Tetranitrate (PETN),NA
PENTAERYTHROL TETRANITRATE (PETN),Pentaerythritol Tetranitrate (PETN),NA
PETN,Pentaerythritol Tetranitrate (PETN),NA
PETN (PENTAERYTHRITOL TETRANITRATE),Pentaerythritol Tetranitrate (PETN),NA
PENTAERYTHRITOL TRINITRATE,Pentaerythritol Trinitrate (PETriN),NA
PENTRINITROL,Pentaerythritol Trinitrate (PETriN),NA
PETRIN,Pentaerythritol Trinitrate (PETriN),NA
PENTASTIT,Pentastit,NA
PENTOLITE,Pentolite,NA
"2,4,6-TRINITROPHENYLNITRAMINOETHYL NITRATE",Pentryl,NA
PENTRYL,Pentryl,NA
PICRAMIC ACID,Picramic Acid,NA
PICRATOL,Picratol,NA
"2,4,6-TRINITROPHENOL",Picric Acid (PA),NA
"2,4,6-TRINITROPHENOL (TNP)",Picric Acid (PA),NA
"2,4,6-TRINITROPHENOL (TNP) EXPLOSIVE",Picric Acid (PA),NA
PICRIC ACID,Picric Acid (PA),NA
PICRIC ACID (PA),Picric Acid (PA),NA
PICRIC ACIDS,Picric Acid (PA),NA
TNP,Picric Acid (PA),NA
TRINITROPHENOL,Picric Acid (PA),NA
"2-CHLORO-1,3,5-TRINITROBENZENE",Picryl Chloride,NA
"2,4,6-TRINITROCHLOROBENZENE",Picryl Chloride,NA
PICRYL CHLORIDE,Picryl Chloride,NA
TRINITROCHLOROBENZENE,Picryl Chloride,NA
POLY-3-AZIDOMETHYL-3-METHYL-OXETANE,Poly-3-Azidomethyl-3-Methyl-Oxetane (polyAMMO),NA
POLY-3-AZIDOMETHYL-3-METHYL-OXETANE (POLYAMMO),Poly-3-Azidomethyl-3-Methyl-Oxetane (polyAMMO),NA
POLY-AMMO,Poly-3-Azidomethyl-3-Methyl-Oxetane (polyAMMO),NA
"POLY-3,3-BIS-(AZIDOMETHYL)-OXETANE","Poly-3,3-Bis-(Azidomethyl)-Oxetane (polyBAMO)",NA
"POLY-3,3-BIS-(AZIDOMETHYL)-OXETANE (POLYBAMO)","Poly-3,3-Bis-(Azidomethyl)-Oxetane (polyBAMO)",NA
POLY-BAMO,"Poly-3,3-Bis-(Azidomethyl)-Oxetane (polyBAMO)",NA
POLY(3-NITRATOMETHYL-3-METHYLOXETANE),Poly(3-Nitratomethyl-3-Methyloxetane) (polyNIMMO),NA
POLY(3-NITRATOMETHYL-3-METHYLOXETANE) (POLYNIMMO),Poly(3-Nitratomethyl-3-Methyloxetane) (polyNIMMO),NA
POLYNIMMO,Poly(3-Nitratomethyl-3-Methyloxetane) (polyNIMMO),NA
PGN,Poly(Glycidyl Nitrate) (polyGLYN),NA
POLY(GLYCIDYL NITRATE),Poly(Glycidyl Nitrate) (polyGLYN),NA
POLY(GLYCIDYL NITRATE) (POLYGLYN),Poly(Glycidyl Nitrate) (polyGLYN),NA
POLYGLYN,Poly(Glycidyl Nitrate) (polyGLYN),NA
PNP,Polynitropolyphenylene (PNP),NA
POLYNITROPOLYPHENYLENE,Polynitropolyphenylene (PNP),NA
POLYNITROPOLYPHENYLENE (PNP),Polynitropolyphenylene (PNP),NA
POLYVINYL NITRATE,Polyvinyl Nitrate (PVN),NA
Polyvinyl Nitrate (PVN),Polyvinyl Nitrate (PVN),NA
POLYVINYL NITRATE (PVN),Polyvinyl Nitrate (PVN),NA
PVN,Polyvinyl Nitrate (PVN),NA
POTASSIUM CHLORATE,Potassium Chlorate,NA
POTASSIUM NITRATE,Potassium Nitrate,NA
POTASSIUM PERCHLORATE,Potassium Perchlorate,NA
POUDRE B,Poudre B,NA
PROPYL NITRATE,Propyl Nitrate,NA
METHYLNITROGLYCOL,Propyleneglycol Dinitrate,NA
PROPYLENEGLYCOL DINITRATE,Propyleneglycol Dinitrate,NA
SILVER ACETYLIDE,Silver Acetylide,NA
SILVER AZIDE,Silver Azide,No Practical Use
SILVER FULMINATE,Silver Fulminate,NA
SODATOL,Sodatol,NA
SODIUM CHLORATE,Sodium Chlorate,NA
SODIUM NITRATE,Sodium Nitrate,NA
SODIUM PERCHLORATE,Sodium Perchlorate,NA
STRONTIUM NITRATE,Strontium Nitrate,NA
"2,4,6-TRINITRO-1,3-DIHYDROXYBENZENE",Styphnic Acid,NA
STYPHNIC ACID,Styphnic Acid,NA
TNR,Styphnic Acid,NA
TRINITRORESORCIN,Styphnic Acid,NA
TRINITRORESORCINOL,Styphnic Acid,NA
BNCP,Tetraamine-Cis-Bis(5-Nitro-2H-Tetrazolato) Cobalt(III) Perchlorate (BNCP),NA
TETRAAMINE-CIS-BIS(5-NITRO-2H-TETRAZOLATO) COBALT(III) PERCHLORATE,Tetraamine-Cis-Bis(5-Nitro-2H-Tetrazolato) Cobalt(III) Perchlorate (BNCP),NA
TETRAAMINE-CIS-BIS(5-NITRO-2H-TETRAZOLATO) COBALT(III) PERCHLORATE (BNCP),Tetraamine-Cis-Bis(5-Nitro-2H-Tetrazolato) Cobalt(III) Perchlorate (BNCP),NA
TETRAMETHYLAMMONIUM NITRATE,Tetramethylammonium Nitrate,NA
TETRAMETHYLOLCYCLOPENTANONE TETRANITRATE,Tetramethylolcyclopentanone Tetranitrate,NA
TETRANITROCARBAZOLE,Tetranitrocarbazole (TNC),NA
TETRANITROCARBAZOLE (TNC),Tetranitrocarbazole (TNC),NA
TNC,Tetranitrocarbazole (TNC),NA
TACOT,"Tetranitrodibenzo-1,3A,4,6A-Tetrazapentalene (TACOT)",NA
"TETRANITRODIBENZO-1,3A,4,6A-TETRAZAPENTALENE (TACOT)","Tetranitrodibenzo-1,3A,4,6A-Tetrazapentalene (TACOT)",NA
"TETRANITRODIBENZO-1,3A,4,6A-TRETRAZAPENTALENE","Tetranitrodibenzo-1,3A,4,6A-Tetrazapentalene (TACOT)",NA
SORGUYL,Tetranitroglycolurile (SORGUYL),NA
TETRANITROGLYCOLURIL,Tetranitroglycolurile (SORGUYL),NA
TETRANITROGLYCOLURILE,Tetranitroglycolurile (SORGUYL),NA
TETRANITROGLYCOLURILE (SORGUYL),Tetranitroglycolurile (SORGUYL),NA
TETRANITROMETHANE,Tetranitromethane (TNM),NA
TETRANITROMETHANE (TNM),Tetranitromethane (TNM),NA
TNM,Tetranitromethane (TNM),NA
TETRANITRONAPHTHALENE,Tetranitronaphthalene,NA
TETRAZENE,Tetrazene,NA
PICRYLMETHYLNITRAMINE,Tetryl,NA
TETRYL,Tetryl,NA
"TRINITRO-2,4,6-PHENYLMETHYLNITRAMINE",Tetryl,NA
TETRYTOL,Tetrytol,NA
TORPEX,Torpex,NA
"3,3,6,6,9,9-HEXAMETHYL-1,2,4,5,7,8-HEXOXONANE",Triacetone Triperoxide (TATP),No Practical Use
TATP,Triacetone Triperoxide (TATP),No Practical Use
TATP - D<SUB>18</SUB>,Triacetone Triperoxide (TATP),No Practical Use
TATP - D18,Triacetone Triperoxide (TATP),No Practical Use
TRIACETONE PEROXIDE,Triacetone Triperoxide (TATP),No Practical Use
TRIACETONE TRIPEROXIDE,Triacetone Triperoxide (TATP),No Practical Use
TRIACETONE TRIPEROXIDE (TATP),Triacetone Triperoxide (TATP),No Practical Use
TRICYCLOACETONE PEROXIDE,Triacetone Triperoxide (TATP),No Practical Use
TAGN,Triaminoguanidine Nitrate (TAGN),NA
TRIAMINOGUANIDINE NITRATE,Triaminoguanidine Nitrate (TAGN),NA
TRIAMINOGUANIDINE NITRATE (TAGN),Triaminoguanidine Nitrate (TAGN),NA
TEGN,Triethyleneglycol Dinitrate (TEGN),NA
TRIETHYLENEGLYCOL DINITRATE,Triethyleneglycol Dinitrate (TEGN),NA
TRIETHYLENEGLYCOL DINITRATE (TEGN),Triethyleneglycol Dinitrate (TEGN),NA
TRILOGEN,Trilogen,NA
TRIMETHYLAMINE NITRATE,Trimethylamine Nitrate,NA
TRIMETHYLENEGLYCOL DINITRATE,Trimethyleneglycol Dinitrate,NA
METRIOL TRINITRATE,Trimethylolethane Trinitrate (TMETN),NA
NITROPENTAGLYCERIN,Trimethylolethane Trinitrate (TMETN),NA
TMETN,Trimethylolethane Trinitrate (TMETN),NA
TRIMETHYLOLETHANE TRINITRATE,Trimethylolethane Trinitrate (TMETN),NA
TRIMETHYLOLETHANE TRINITRATE (TMETN),Trimethylolethane Trinitrate (TMETN),NA
TNA,Trinitroaniline (TNA),NA
TRINITROANILINE,Trinitroaniline (TNA),NA
TRINITROANILINE (TNA),Trinitroaniline (TNA),NA
TRINITROANISOLE,Trinitroanisole,No Practical Use
TRINITROBENZOIC ACID,Trinitrobenzoic Acid,NA
TRINITROMETHANE,Trinitromethane,NA
TRINITRONAPHTHALENE,Trinitronaphthalene,NA
TRINITROPHENOXETHYL NITRATE,Trinitrophenoxethyl Nitrate,NA
TRINITROPYRIDINE,Trinitropyridine,NA
TRINITROPYRIDINE-N-OXIDE,Trinitropyridine-N-Oxide,NA
TRITONAL,Tritonal,NA
UREA NITRATE,Urea Nitrate,NA
THERMITE,Thermite,NA

